-- phpMyAdmin SQL Dump
-- version 4.0.10.14
-- http://www.phpmyadmin.net
--
-- Host: localhost:3306
-- Generation Time: May 10, 2018 at 09:26 AM
-- Server version: 5.5.50-38.0-log
-- PHP Version: 5.4.31

SET SQL_MODE = "NO_AUTO_VALUE_ON_ZERO";
SET time_zone = "+00:00";


/*!40101 SET @OLD_CHARACTER_SET_CLIENT=@@CHARACTER_SET_CLIENT */;
/*!40101 SET @OLD_CHARACTER_SET_RESULTS=@@CHARACTER_SET_RESULTS */;
/*!40101 SET @OLD_COLLATION_CONNECTION=@@COLLATION_CONNECTION */;
/*!40101 SET NAMES utf8 */;

--
-- Database: `onlinesl_feeds`
--

-- --------------------------------------------------------

--
-- Table structure for table `winner_casinos`
--

CREATE TABLE IF NOT EXISTS `winner_casinos` (
  `id` int(11) NOT NULL AUTO_INCREMENT,
  `feed_id` int(11) NOT NULL,
  `casino_name_feed` varchar(255) NOT NULL,
  `casino_name_custom` varchar(255) NOT NULL,
  `affiliate_url` varchar(255) NOT NULL,
  PRIMARY KEY (`id`)
) ENGINE=InnoDB  DEFAULT CHARSET=utf8 AUTO_INCREMENT=13 ;

--
-- Dumping data for table `winner_casinos`
--

INSERT INTO `winner_casinos` (`id`, `feed_id`, `casino_name_feed`, `casino_name_custom`, `affiliate_url`) VALUES
(1, 1, 'JackpotCity', '', ''),
(2, 2, 'Royal Vegas (Viper)', '', ''),
(3, 3, 'Spin Casino', '', ''),
(4, 3, 'Betway', '', ''),
(5, 3, 'Cabaret Club', '', ''),
(6, 3, 'Ruby Fortune', '', ''),
(7, 3, 'Mummys Gold', '', ''),
(8, 3, 'Gnuf', '', ''),
(9, 3, 'Piggs', '', ''),
(10, 4, 'All Slots', '', ''),
(11, 2, 'Royal Vegas (Flash)', '', ''),
(12, 3, 'Betway Poker', '', '');

-- --------------------------------------------------------

--
-- Table structure for table `winner_feeds`
--

CREATE TABLE IF NOT EXISTS `winner_feeds` (
  `id` int(11) NOT NULL AUTO_INCREMENT,
  `name` varchar(255) NOT NULL,
  `import_script` varchar(255) NOT NULL,
  `frequency` int(11) NOT NULL,
  `last_update` int(11) NOT NULL,
  PRIMARY KEY (`id`)
) ENGINE=InnoDB  DEFAULT CHARSET=utf8 AUTO_INCREMENT=5 ;

--
-- Dumping data for table `winner_feeds`
--

INSERT INTO `winner_feeds` (`id`, `name`, `import_script`, `frequency`, `last_update`) VALUES
(1, 'Belle Rock Gaming', 'bellerock.php', 1, 1384276253),
(2, 'Fortune Lounge', 'fortunelounge.php', 1, 1384276254),
(3, 'Palace Group Gaming', 'palacegroup.php', 1, 1384276255),
(4, 'Bright Share', 'brightshare.php', 1, 1384276257);

-- --------------------------------------------------------

--
-- Table structure for table `winner_players`
--

CREATE TABLE IF NOT EXISTS `winner_players` (
  `id` int(11) NOT NULL AUTO_INCREMENT,
  `feed_id` int(11) NOT NULL,
  `casino_id` int(11) NOT NULL,
  `player_name` varchar(255) NOT NULL,
  `player_country` varchar(255) NOT NULL,
  `won_currency` varchar(255) NOT NULL,
  `won_amount` decimal(11,2) NOT NULL,
  `won_date` int(11) NOT NULL,
  `game` varchar(255) NOT NULL,
  PRIMARY KEY (`id`)
) ENGINE=InnoDB  DEFAULT CHARSET=utf8 AUTO_INCREMENT=3211 ;

--
-- Dumping data for table `winner_players`
--

INSERT INTO `winner_players` (`id`, `feed_id`, `casino_id`, `player_name`, `player_country`, `won_currency`, `won_amount`, `won_date`, `game`) VALUES
(2846, 1, 1, 'Maria  S', 'Portugal', 'EUR', '11159.00', 1384146000, 'Adventure Palace'),
(2847, 1, 1, 'Yuji H', 'JAPAN', 'USD', '10840.00', 1384146000, 'Snow Honeys'),
(2848, 1, 1, 'Hope C', 'Canada', 'CAD', '9086.00', 1384146000, 'Rhyming Reels Queen of Hearts'),
(2849, 1, 1, 'Ricardo D', 'Brazil', 'EUR', '8581.00', 1384146000, 'Bust The Bank'),
(2850, 1, 1, 'Jean  G', 'France', 'EUR', '8170.00', 1384146000, 'Break Away'),
(2851, 1, 1, 'Darlene B', 'Australia', 'AUD', '7175.00', 1384146000, 'Adventure Palace'),
(2852, 1, 1, 'Arlene L', 'PHILIPPINES', 'USD', '7096.00', 1384146000, 'Burning Desire'),
(2853, 1, 1, 'Darlene B', 'Australia', 'AUD', '6435.00', 1384146000, 'Belle Rock'),
(2854, 1, 1, 'Marcel L', 'Netherlands', 'EUR', '5404.00', 1384146000, 'Soccer Safari'),
(2855, 1, 1, 'Arlene L', 'PHILIPPINES', 'USD', '5200.00', 1384146000, 'Avalon'),
(2856, 1, 1, 'Hope C', 'Canada', 'CAD', '5171.00', 1384146000, 'Immortal Romance'),
(2857, 1, 1, 'Frederic H', 'France', 'EUR', '5054.00', 1384146000, 'Spring Break'),
(2858, 1, 1, 'Marcel L', 'Netherlands', 'EUR', '5034.00', 1384146000, 'Pure Platinum'),
(2859, 1, 1, 'Anthony S', 'United Kingdom', 'GBP', '4908.00', 1384146000, 'Uncategorized'),
(2860, 1, 1, 'Yuji H', 'JAPAN', 'USD', '4000.00', 1384146000, 'Burning Desire'),
(2861, 1, 1, 'Joanna P', 'MALTA', 'EUR', '3992.00', 1384146000, 'Doctor Love'),
(2862, 1, 1, 'Daisuke M', 'Japan', 'USD', '3794.00', 1384146000, 'Thunderstruck II'),
(2863, 1, 1, 'Jean B', 'France', 'EUR', '3712.00', 1384146000, 'Thunderstruck'),
(2864, 1, 1, 'Gordon F', 'United Kingdom', 'GBP', '3698.00', 1384146000, 'Cashapillar'),
(2865, 1, 1, 'Martin O', 'United Kingdom', 'GBP', '3490.00', 1384146000, 'Dolphin Coast'),
(2866, 1, 1, 'Yuji H', 'JAPAN', 'USD', '3132.00', 1384146000, 'Thunderstruck'),
(2867, 1, 1, 'Jennifer C', 'Australia', 'AUD', '3085.00', 1384146000, 'Break da Bank'),
(2868, 2, 2, 'Rocco N', 'Chile', 'USD', '8000.00', 1384232400, 'Slot - Happy New Year'),
(2869, 2, 2, 'Janet C', 'Canada', 'USD', '6058.80', 1384232400, 'Feature Slot - Girls With Guns - Jungle Heat'),
(2870, 2, 2, 'John W', 'New Zealand', 'USD', '48000.00', 1384146000, 'Feature Slot - Bust The Bank'),
(2871, 2, 2, 'DIVER CENTER 3', 'Colombia', 'USD', '21660.00', 1384146000, 'Flash - Bonus Slot - Eagle''s Wings'),
(2872, 2, 2, 'Gratiela M', 'Romania', 'USD', '18502.00', 1384146000, 'Bonus Slot - Big Break'),
(2873, 2, 11, 'Michele C', 'New Zealand', 'USD', '16536.00', 1384146000, 'Bonus Slot - The Twisted Circus'),
(2874, 2, 2, 'Bruce V', 'Zambia', 'USD', '15850.00', 1384146000, 'Feature Slot - Agent Jane Blonde'),
(2875, 2, 2, 'DIVER CENTER 3', 'Colombia', 'USD', '15500.00', 1384146000, 'Flash - Bonus Slot - Gold Factory'),
(2876, 2, 2, 'DIVER CENTER 3', 'Colombia', 'USD', '7500.00', 1384146000, 'Flash - Bonus Slot - Asian Beauty'),
(2877, 2, 2, 'Jan Rune D', 'Norway', 'USD', '6850.00', 1384146000, 'Bonus Slot - Eagle''s Wings'),
(2878, 2, 2, 'Daniel S', 'Canada', 'USD', '6802.00', 1384146000, 'Feature Slot - Lady in Red'),
(2879, 2, 11, 'Shannon M', 'Australia', 'USD', '6079.00', 1384146000, 'Flash - Bonus Slot - Gold Factory'),
(2880, 2, 11, 'Odd-Gunnar A', 'Norway', 'USD', '5755.00', 1384146000, 'Flash - Feature Slot - Break Away'),
(2881, 2, 2, 'Jenny K', 'Australia', 'USD', '5725.00', 1384146000, 'Bonus Slot - Thunderstruck II'),
(2882, 2, 2, 'Daniel B', 'Canada', 'USD', '5328.00', 1384146000, 'Feature Slot - Girls With Guns - Jungle Heat'),
(2883, 2, 2, 'Jan Rune D', 'Norway', 'USD', '5000.40', 1384146000, 'Bonus Slot - The Twisted Circus'),
(2884, 2, 2, 'Dean B', 'Canada', 'USD', '5000.00', 1384146000, 'Bonus Slot - Bars & Stripes'),
(2885, 2, 2, 'DIVER CENTER 3', 'Colombia', 'USD', '30260.00', 1384059600, 'Flash - Bonus Slot - Gold Factory'),
(2886, 2, 2, 'John W', 'New Zealand', 'USD', '30000.00', 1384059600, 'Feature Slot - Bust The Bank'),
(2887, 2, 2, 'John W', 'New Zealand', 'USD', '28520.00', 1384059600, 'Viper - Bonus Slot - Gold Factory'),
(2888, 3, 3, 'Adam R', 'Oceania', 'EUR', '8651.89', 1384232400, 'Thunderstruck II, Tomb Raider, Mega Moolah and others'),
(2889, 3, 4, 'Adonios K', 'Canada', 'EUR', '30479.69', 1384232400, 'Playboy, Lucky Witch, Soccer Safari and others'),
(2890, 3, 3, 'Allan Amstrup S', '', 'EUR', '5011.10', 1384232400, 'Alaskan Fishing, Thunderstruck II, The Finer Reels of Life'),
(2891, 3, 3, 'Andrea C', 'Europe', 'EUR', '8220.00', 1384232400, 'Tally Ho'),
(2892, 3, 5, 'Anthony D', 'Europe', 'EUR', '8203.31', 1384232400, 'Aces and Faces - 4 Play Power Poker'),
(2893, 3, 3, 'Barbara D', 'Canada', 'EUR', '10000.00', 1384232400, 'Super Bonus Bingo'),
(2894, 3, 4, 'Beejal K', 'Europe', 'EUR', '11701.31', 1384232400, 'Standard Sportsbet - Sportsbet, European Blackjack Gold, Premium Sportsbet - Sportsbet'),
(2895, 3, 3, 'Brett F', 'Oceania', 'EUR', '56700.00', 1384232400, 'Girls With Guns - Jungle Heat, Racing for Pinks'),
(2896, 3, 3, 'Christian M', 'Europe', 'EUR', '4181.00', 1384232400, 'Racing for Pinks'),
(2897, 3, 3, 'Christine T', 'Oceania', 'EUR', '4833.00', 1384232400, 'Wealth Spa'),
(2898, 3, 3, 'Claudio C', 'Europe', 'EUR', '4214.00', 1384232400, 'Ramesses Riches'),
(2899, 3, 3, 'Daniel H', 'Oceania', 'EUR', '3100.90', 1384232400, 'Big Break, Big Top, Tomb Raider and others'),
(2900, 3, 4, 'Debbie B', 'Oceania', 'EUR', '5205.00', 1384232400, 'Mermaids Millions, Thunderstruck'),
(2901, 3, 3, 'Gabriel L', 'Europe', 'EUR', '62074.97', 1384232400, 'Thunderstruck, Deck the Halls, Adventure Palace and others'),
(2902, 3, 6, 'Gerald W', 'Europe', 'EUR', '4030.07', 1384232400, 'European Roulette Gold'),
(2903, 3, 5, 'Gisela S', 'Europe', 'EUR', '6531.00', 1384232400, 'Oriental Fortune, Crazy Chameleons, Tally Ho and others'),
(2904, 3, 3, 'Gregory P', 'Europe', 'EUR', '10255.03', 1384232400, 'Leagues of Fortune, Voila, Thunderstruck and others'),
(2905, 3, 3, 'Heidi B', 'Europe', 'EUR', '7840.00', 1384232400, 'Tomb Raider'),
(2906, 3, 6, 'Hossam S', 'Europe', 'EUR', '10242.00', 1384232400, 'Rhyming Reels Georgie Porgie'),
(2907, 3, 3, 'Jacqui C', 'Oceania', 'EUR', '11099.89', 1384232400, 'Lion''s Pride, Thunderstruck, Couch Potato'),
(2908, 3, 3, 'Kai B', 'Scandinavia', 'EUR', '3142.50', 1384232400, 'Leagues of Fortune'),
(2909, 3, 6, 'Karl-heinz B', 'Europe', 'EUR', '7457.50', 1384232400, 'Bust The Bank, Jason and the Golden Fleece'),
(2910, 3, 3, 'Katrina O', 'Oceania', 'EUR', '3152.74', 1384232400, 'Deck the Halls, Avalon'),
(2911, 3, 3, 'Lance S', 'Oceania', 'EUR', '3999.62', 1384232400, 'European Roulette Gold, Deck the Halls, Tally Ho and others'),
(2912, 3, 4, 'Marie-josée P', 'Canada', 'EUR', '6569.00', 1384232400, 'Playboy, Great Griffin'),
(2913, 3, 3, 'Marnie S', 'Oceania', 'EUR', '8000.00', 1384232400, 'Ladies Nite'),
(2914, 3, 3, 'Paul B', 'Oceania', 'EUR', '13749.11', 1384232400, 'Burning Desire'),
(2915, 3, 4, 'Sajid B', 'Scandinavia', 'EUR', '3589.52', 1384232400, 'Thunderstruck'),
(2916, 3, 4, 'Samantha C', 'Oceania', 'EUR', '20000.00', 1384232400, '5 Reel Drive, Lion''s Pride, Thunderstruck II and others'),
(2917, 3, 3, 'Shauna C', 'Canada', 'EUR', '3513.36', 1384232400, 'Break Away'),
(2918, 3, 7, 'Sheryle B', 'Oceania', 'EUR', '9000.00', 1384232400, 'Bust The Bank'),
(2919, 3, 4, 'Simon C', 'Oceania', 'EUR', '6750.00', 1384232400, 'Immortal Romance'),
(2920, 3, 3, 'Stephen C', 'Oceania', 'EUR', '6778.42', 1384232400, 'Spring Break, Thunderstruck'),
(2921, 3, 3, 'Tamara C', 'Oceania', 'EUR', '3338.58', 1384232400, 'Untamed - Wolf Pack, Gold Factory, Untamed - Bengal Tiger and others'),
(2922, 3, 3, 'Theofilos G', 'Europe', 'EUR', '3225.44', 1384232400, 'Girls With Guns - Jungle Heat'),
(2923, 3, 3, 'Victoria B', 'Europe', 'EUR', '5608.56', 1384232400, 'Loaded'),
(2924, 3, 4, 'Adonios K', 'Canada', 'EUR', '9349.51', 1384146000, 'Karate Pig, Magic Boxes, Lucky Rabbit Loot - Feature Game and others'),
(2925, 3, 3, 'Allan Amstrup S', '', 'EUR', '6905.72', 1384146000, 'Great Griffin, Private Eye, Immortal Romance'),
(2926, 3, 4, 'Amir M', 'Europe', 'EUR', '5238.80', 1384146000, 'Premium Sportsbet - Sportsbet, Standard Sportsbet - Sportsbet'),
(2927, 3, 6, 'Annie U', 'Europe', 'EUR', '10726.61', 1384146000, 'Cashapillar, Avalon, Secret Admirer'),
(2928, 3, 3, 'Barbara G', 'Oceania', 'EUR', '3864.61', 1384146000, 'Thunderstruck II'),
(2929, 3, 4, 'Beejal K', 'Europe', 'EUR', '25089.12', 1384146000, 'European Blackjack Gold, Premium Sportsbet - Sportsbet, Standard Sportsbet - Sportsbet'),
(2930, 3, 3, 'Belinda M', 'Oceania', 'EUR', '3159.86', 1384146000, 'Break da Bank Again, Pure Platinum, Cashapillar and others'),
(2931, 3, 3, 'Brenda R', 'Canada', 'EUR', '6253.29', 1384146000, 'Inca Gold, Hellboy, Bearly Fishing and others'),
(2932, 3, 6, 'Cameron E', 'Canada', 'EUR', '3444.17', 1384146000, 'Sweet Harvest, Dr Watts Up, Reel Gems'),
(2933, 3, 3, 'Cedric M', 'Europe', 'EUR', '4310.00', 1384146000, '5 Reel Drive'),
(2934, 3, 4, 'Christopher O', 'Europe', 'EUR', '3356.92', 1384146000, 'Tally Ho, Big Top, Jungle Jim and others'),
(2935, 3, 3, 'Claudio C', 'Europe', 'EUR', '7500.35', 1384146000, 'Ramesses Riches, Classic Blackjack Gold, Leagues of Fortune and others'),
(2936, 3, 6, 'Colleen C', 'Canada', 'EUR', '12595.00', 1384146000, 'Break da Bank Again - Megaspin, Munchkins, Sterling Silver and others'),
(2937, 3, 3, 'Daniela M', 'Europe', 'EUR', '5586.15', 1384146000, 'Ladies Nite, Pedal Power, Break da Bank Again - Megaspin and others'),
(2938, 3, 3, 'David N', 'Scandinavia', 'EUR', '4676.03', 1384146000, 'Max Damage, Thunderstruck, Summertime and others'),
(2939, 3, 4, 'Denis F', 'Asia', 'EUR', '12335.40', 1384146000, 'Classic Blackjack'),
(2940, 3, 4, 'Dorothy D', 'Oceania', 'EUR', '3177.54', 1384146000, 'Untamed - Giant Panda, Avalon, The Finer Reels of Life and others'),
(2941, 3, 3, 'Gabriel L', 'Europe', 'EUR', '10230.00', 1384146000, 'Thunderstruck'),
(2942, 3, 3, 'Gareth J', 'Europe', 'EUR', '3234.56', 1384146000, 'Playboy, Immortal Romance, Mega Moolah'),
(2943, 3, 3, 'Heidi B', 'Europe', 'EUR', '5185.00', 1384146000, 'Tomb Raider'),
(2944, 3, 6, 'Helen H', 'Europe', 'EUR', '6353.60', 1384146000, 'Ho Ho Ho'),
(2945, 3, 3, 'Inge Andre K', 'Scandinavia', 'EUR', '4977.75', 1384146000, 'Ski Bunny, Track & Field Mouse, Tomb Raider and others'),
(2946, 3, 3, 'Irene C', 'Canada', 'EUR', '6870.36', 1384146000, 'Wooly World, Jason and the Golden Fleece'),
(2947, 3, 4, 'Jannis A', 'Scandinavia', 'EUR', '23340.00', 1384146000, 'Bust The Bank, Thunderstruck II, Racing for Pinks and others'),
(2948, 3, 3, 'Jason H', 'Oceania', 'EUR', '5233.20', 1384146000, 'European Blackjack Gold'),
(2949, 3, 4, 'Jhon A', 'Scandinavia', 'EUR', '34548.64', 1384146000, 'Premium Sportsbet - Sportsbet'),
(2950, 3, 3, 'Jo N', 'Oceania', 'EUR', '9270.00', 1384146000, 'Thunderstruck II'),
(2951, 3, 3, 'Kai B', 'Scandinavia', 'EUR', '11070.00', 1384146000, 'Leagues of Fortune, Dolphin Coast, Immortal Romance'),
(2952, 3, 3, 'Karin M', 'Canada', 'EUR', '4294.42', 1384146000, 'Agent Jane Blonde, Leagues of Fortune, Thunderstruck II and others'),
(2953, 3, 6, 'Karl-heinz B', 'Europe', 'EUR', '3346.60', 1384146000, 'Immortal Romance, Untamed - Giant Panda, The Finer Reels of Life and others'),
(2954, 3, 3, 'Kasey H', 'Oceania', 'EUR', '5836.92', 1384146000, 'Leagues of Fortune, Summer Holiday, Sweet Harvest and others'),
(2955, 3, 3, 'Kevin F', 'Europe', 'EUR', '3750.00', 1384146000, 'Break da Bank Again, Pure Platinum'),
(2956, 3, 4, 'Lars B', 'Europe', 'EUR', '21106.88', 1384146000, 'Thunderstruck II, Immortal Romance, The Dark Knight and others'),
(2957, 3, 4, 'Lee Y', 'Europe', 'EUR', '4000.00', 1384146000, 'Baccarat Gold, European Roulette Gold'),
(2958, 3, 3, 'Leila H', 'Europe', 'EUR', '3871.40', 1384146000, 'Bust The Bank, Big Top, Break Away and others'),
(2959, 3, 3, 'Luke M', 'Oceania', 'EUR', '8710.48', 1384146000, 'Lucky Witch, Loaded, Ladies Nite and others'),
(2960, 3, 7, 'Lyne C', 'Canada', 'EUR', '7970.28', 1384146000, 'Gold Factory, Leagues of Fortune, Thunderstruck II and others'),
(2961, 3, 5, 'Mary D', 'Oceania', 'EUR', '9552.87', 1384146000, 'Bust The Bank, Liquid Gold'),
(2962, 3, 6, 'Matteo T', 'Europe', 'EUR', '7332.50', 1384146000, 'Immortal Romance, Thunderstruck II'),
(2963, 3, 3, 'Mustapha J', 'Oceania', 'EUR', '23460.00', 1384146000, 'Spring Break, Tomb Raider Secret of the Sword'),
(2964, 3, 3, 'Nikole E', 'Canada', 'EUR', '5400.00', 1384146000, 'Break da Bank Again - Megaspin, Immortal Romance, The Dark Knight Rises and others'),
(2965, 3, 3, 'Øyvind Å', 'Scandinavia', 'EUR', '16656.23', 1384146000, 'Thunderstruck, Break da Bank Again, Thunderstruck and others'),
(2966, 3, 3, 'Patricia S', 'Europe', 'EUR', '4888.50', 1384146000, 'First Past The Post, Avalon, Secret Admirer and others'),
(2967, 3, 4, 'Paul B', 'Europe', 'EUR', '4100.00', 1384146000, 'European Roulette Gold, Premium Sportsbet - Sportsbet'),
(2968, 3, 7, 'Petra H', 'Europe', 'EUR', '15348.00', 1384146000, 'Reel Thunder'),
(2969, 3, 3, 'Petur L', '', 'EUR', '11742.78', 1384146000, 'Rhyming Reels Old King Cole, Racing for Pinks, Tomb Raider and others'),
(2970, 3, 4, 'Pontus K', 'Scandinavia', 'EUR', '63600.00', 1384146000, 'Thunderstruck II'),
(2971, 3, 4, 'Rachel H', 'Europe', 'EUR', '6472.00', 1384146000, 'Thunderstruck'),
(2972, 3, 4, 'Rajesh M', 'Europe', 'EUR', '4000.00', 1384146000, 'Standard Sportsbet - Sportsbet'),
(2973, 3, 3, 'Rebecka W', 'Oceania', 'EUR', '4401.90', 1384146000, 'Avalon, Multi Player Roulette - Diamond Edition'),
(2974, 3, 3, 'Rob H', 'Europe', 'EUR', '3800.85', 1384146000, 'Thunderstruck, Pure Platinum, Stash of the Titans and others'),
(2975, 3, 7, 'Scott H', 'Oceania', 'EUR', '3714.93', 1384146000, 'The Palace Group, The Argyle Open, Dolphin Coast and others'),
(2976, 3, 7, 'Sheryle B', 'Oceania', 'EUR', '5160.18', 1384146000, 'Immortal Romance, Jason and the Golden Fleece, Break Away and others'),
(2977, 3, 4, 'Shirley M', 'Oceania', 'EUR', '5454.60', 1384146000, 'Playboy'),
(2978, 3, 4, 'Stefano B', 'Europe', 'EUR', '3250.00', 1384146000, 'Standard Sportsbet - Sportsbet'),
(2979, 3, 3, 'Stephen C', 'Oceania', 'EUR', '16060.00', 1384146000, 'Ladies Nite, Agent Jane Blonde, Thunderstruck'),
(2980, 3, 4, 'Turid G', 'Scandinavia', 'EUR', '28400.00', 1384146000, 'Avalon'),
(2981, 3, 3, 'Tyson L', 'Oceania', 'EUR', '3200.07', 1384146000, 'What a Hoot, Thunderstruck II'),
(2982, 3, 4, 'Ulrika K', 'Scandinavia', 'EUR', '7903.85', 1384146000, 'Untamed - Bengal Tiger, Dr Watts Up, Hellboy and others'),
(2983, 3, 4, 'Adrian V', 'Europe', 'EUR', '3811.00', 1384059600, 'Standard Sportsbet - Sportsbet'),
(2984, 3, 7, 'Alberto Arcangelo T', 'Europe', 'EUR', '4682.45', 1384059600, 'Aces and Eights, Loaded, Aces and Faces  and others'),
(2985, 3, 4, 'Alejandro S', 'South America', 'EUR', '5160.57', 1384059600, 'Loaded, Racing for Pinks, Hellboy and others'),
(2986, 3, 4, 'Andreas N', 'Scandinavia', 'EUR', '14673.75', 1384059600, 'Premium Sportsbet - Sportsbet, Cyberstud Poker'),
(2987, 3, 4, 'Andreas R', 'Scandinavia', 'EUR', '4576.65', 1384059600, 'Tomb Raider, Avalon, Thunderstruck II and others'),
(2988, 3, 3, 'Andrew W', 'Oceania', 'EUR', '4033.86', 1384059600, 'Break da Bank Again, Kathmandu, Break Away and others'),
(2989, 3, 4, 'Angela S', 'Scandinavia', 'EUR', '46920.00', 1384059600, 'Rhyming Reels Old King Cole'),
(2990, 3, 3, 'Augustas A', 'Scandinavia', 'EUR', '4000.00', 1384059600, 'High 5, Mega Moolah 5 Reel Drive, Royal 7''s and others'),
(2991, 3, 3, 'Barbara D', 'Canada', 'EUR', '5000.00', 1384059600, 'Super Bonus Bingo'),
(2992, 3, 4, 'Beejal K', 'Europe', 'EUR', '20000.00', 1384059600, 'European Blackjack Gold, Premium Sportsbet - Sportsbet, Standard Sportsbet - Sportsbet'),
(2993, 3, 7, 'Bettina H', 'Europe', 'EUR', '5367.80', 1384059600, 'Jason and the Golden Fleece, Pure Platinum, The Twisted Circus'),
(2994, 3, 3, 'Claudio C', 'Europe', 'EUR', '4334.00', 1384059600, 'Ramesses Riches'),
(2995, 3, 3, 'Craig W', 'Oceania', 'EUR', '8000.00', 1384059600, 'Hot Ink'),
(2996, 3, 3, 'Cynthia B', 'Canada', 'EUR', '4915.22', 1384059600, 'Untamed - Giant Panda, Untamed - Wolf Pack, Jellyfish Jaunt and others'),
(2997, 3, 4, 'Danny R', '', 'EUR', '5045.29', 1384059600, 'Aces and Faces - 4 Play Power Poker, Jacks or Better - 10 Play Power Poker, Texas Hold''em Bonus Poker Gold and others'),
(2998, 3, 6, 'Darrell Z', 'Canada', 'EUR', '22165.75', 1384059600, 'Lucky Witch, Silver Fang, Jewels of the Orient and others'),
(2999, 3, 3, 'Darren H', 'Europe', 'EUR', '3028.00', 1384059600, 'Treasure Nile, European Roulette Gold, Mega Moolah'),
(3000, 3, 3, 'David B', 'Europe', 'EUR', '4971.50', 1384059600, 'French Roulette'),
(3001, 3, 3, 'Dawn R', 'Canada', 'EUR', '8486.46', 1384059600, 'Dolphin Quest, Dolphin Coast'),
(3002, 3, 6, 'Diane L', 'Canada', 'EUR', '13056.00', 1384059600, 'Big Kahuna - Snakes and Ladders'),
(3003, 3, 4, 'Dilyan P', 'Europe', 'EUR', '3356.35', 1384059600, 'Premium Sportsbet - Sportsbet'),
(3004, 3, 3, 'Douglas C', 'Oceania', 'EUR', '3096.63', 1384059600, 'Jungle 7''s, Couch Potato'),
(3005, 3, 3, 'Elfriede S', 'Europe', 'EUR', '6139.50', 1384059600, 'Crazy Chameleons, Thunderstruck, Adventure Palace and others'),
(3006, 3, 3, 'Gabriel L', 'Europe', 'EUR', '3500.00', 1384059600, 'Battlestar Galactica, The Dark Knight, Deck the Halls and others'),
(3007, 3, 3, 'Gareth J', 'Europe', 'EUR', '6000.69', 1384059600, 'Battlestar Galactica, The Great Galaxy Grab, High Streak European Blackjack Gold and others'),
(3008, 3, 3, 'Heidi B', 'Europe', 'EUR', '218070.50', 1384059600, 'Tomb Raider, Big Top'),
(3009, 3, 3, 'Inge Andre K', 'Scandinavia', 'EUR', '5722.35', 1384059600, 'Ski Bunny, Pub Fruity, Burning Desire and others'),
(3010, 3, 8, 'James C', 'Canada', 'EUR', '4332.50', 1384059600, 'Thunderstruck II'),
(3011, 3, 3, 'Jean-francois R', 'Canada', 'EUR', '4480.00', 1384059600, 'Stash of the Titans'),
(3012, 3, 3, 'Jeremy T', 'Oceania', 'EUR', '6136.00', 1384059600, 'Soccer Safari'),
(3013, 3, 3, 'Jhonny S', 'Scandinavia', 'EUR', '3173.80', 1384059600, 'Dolphin Quest, Racing for Pinks'),
(3014, 3, 4, 'Julian H', 'Europe', 'EUR', '8125.00', 1384059600, 'Standard Sportsbet - Sportsbet'),
(3015, 3, 3, 'Justin A', 'Oceania', 'EUR', '12431.01', 1384059600, 'Playboy, Rhyming Reels Georgie Porgie, Queen Of The Jungle and others'),
(3016, 3, 4, 'Kari A', 'Scandinavia', 'EUR', '8585.80', 1384059600, 'The Dark Knight Rises, Gold Factory, Break da Bank Again and others'),
(3017, 3, 6, 'Karl-heinz B', 'Europe', 'EUR', '5817.57', 1384059600, 'Playboy, Cashapillar, Immortal Romance and others'),
(3018, 3, 4, 'Karyn C', 'Oceania', 'EUR', '9765.00', 1384059600, 'Tomb Raider'),
(3019, 3, 6, 'Linda H', 'Canada', 'EUR', '3291.05', 1384059600, 'Carnaval'),
(3020, 3, 3, 'Luke M', 'Oceania', 'EUR', '8143.47', 1384059600, 'Thunderstruck, The Twisted Circus, Robin Hood - Feathers of Fortune and others'),
(3021, 3, 5, 'Maria M', 'Europe', 'EUR', '3656.65', 1384059600, 'Magic Spell, Prime Property, Gift Rap and others'),
(3022, 3, 4, 'Mark H', 'Europe', 'EUR', '3600.00', 1384059600, 'European Roulette'),
(3023, 3, 3, 'Marnie S', 'Oceania', 'EUR', '24425.00', 1384059600, 'Ladies Nite'),
(3024, 3, 4, 'Michael T', 'Scandinavia', 'EUR', '29160.00', 1384059600, 'Premium Sportsbet - Sportsbet'),
(3025, 3, 3, 'Mikelin K', 'Europe', 'EUR', '8426.89', 1384059600, 'Aces and Faces , Battlestar Galactica, Break Away'),
(3026, 3, 4, 'Morten S', 'Scandinavia', 'EUR', '48600.00', 1384059600, 'Premium Sportsbet - Sportsbet, Break da Bank Again, Standard Sportsbet - Sportsbet'),
(3027, 3, 3, 'Myriam V', 'Europe', 'EUR', '4719.70', 1384059600, 'The Dark Knight, Soccer Safari, Mad Hatters and others'),
(3028, 3, 4, 'Nina H', 'Scandinavia', 'EUR', '3719.98', 1384059600, 'Ladies Nite, Lady in Red, Celtic Crown and others'),
(3029, 3, 3, 'Øyvind Å', 'Scandinavia', 'EUR', '8525.68', 1384059600, 'Avalon, Break da Bank Again, Burning Desire and others'),
(3030, 3, 3, 'Patricia S', 'Europe', 'EUR', '4042.90', 1384059600, 'Avalon, Beach Babes, First Past The Post'),
(3031, 3, 6, 'Paul A', 'Scandinavia', 'EUR', '15660.00', 1384059600, 'Spring Break'),
(3032, 3, 4, 'Paul B', 'Europe', 'EUR', '3000.00', 1384059600, 'Premium Sportsbet - Sportsbet'),
(3033, 3, 3, 'Peter I', 'Scandinavia', 'EUR', '4361.00', 1384059600, 'Pure Platinum, 5 Reel Drive, Deck the Halls and others'),
(3034, 3, 3, 'Petur L', '', 'EUR', '7034.83', 1384059600, 'Thunderstruck II, Tomb Raider, Racing for Pinks and others'),
(3035, 3, 3, 'Randy J', '', 'EUR', '3575.55', 1384059600, 'Sunset Showdown, Jason and the Golden Fleece, Playboy and others'),
(3036, 3, 3, 'Rebecka W', 'Oceania', 'EUR', '3807.42', 1384059600, 'Multi Player Roulette - Diamond Edition, Break da Bank Again'),
(3037, 3, 4, 'Richard A', 'Europe', 'EUR', '5001.75', 1384059600, 'Premium Sportsbet - Sportsbet'),
(3038, 3, 3, 'Richard P', 'Canada', 'EUR', '5051.10', 1384059600, 'Deck the Halls, Break da Bank Again'),
(3039, 3, 3, 'Roelof G R', 'Europe', 'EUR', '3110.40', 1384059600, 'Rhyming Reels Georgie Porgie, Cashapillar'),
(3040, 3, 4, 'Ryan N', 'Europe', 'EUR', '7611.75', 1384059600, 'Premium Sportsbet - Sportsbet'),
(3041, 3, 3, 'Sabina R', 'Europe', 'EUR', '5300.00', 1384059600, 'Aces and Faces'),
(3042, 3, 3, 'Sandra H', 'Canada', 'EUR', '4962.50', 1384059600, 'Break da Bank Again, Cashapillar'),
(3043, 3, 7, 'Sheryle B', 'Oceania', 'EUR', '19204.33', 1384059600, 'Break Away, Riviera Riches, The Finer Reels of Life and others'),
(3044, 3, 4, 'Stefano B', 'Europe', 'EUR', '4099.55', 1384059600, 'Standard Sportsbet - Sportsbet, Premium Sportsbet - Sportsbet'),
(3045, 3, 4, 'Stephane S', 'Canada', 'EUR', '3392.57', 1384059600, 'Multi-Hand Atlantic City Blackjack'),
(3046, 3, 3, 'Stephen C', 'Oceania', 'EUR', '7726.79', 1384059600, 'Thunderstruck, Agent Jane Blonde, Ladies Nite'),
(3047, 3, 5, 'Steven C', 'Oceania', 'EUR', '5111.00', 1384059600, 'Immortal Romance'),
(3048, 3, 6, 'Sue N', 'Oceania', 'EUR', '7810.00', 1384059600, 'Untamed - Giant Panda, Lucky Stars, Jason and the Golden Fleece and others'),
(3049, 3, 3, 'Susan M', 'Canada', 'EUR', '8299.06', 1384059600, 'Alaskan Fishing, Break Away'),
(3050, 3, 6, 'Tony H', 'Europe', 'EUR', '6633.13', 1384059600, 'Immortal Romance, The Finer Reels of Life, Dr Watts Up and others'),
(3051, 3, 7, 'Wayne A', 'Oceania', 'EUR', '6870.00', 1384059600, 'Agent Jane Blonde'),
(3052, 3, 3, 'Alberto Arcangelo   T', 'Europe', 'EUR', '3851.86', 1383973200, 'Break Away, Double Double Bonus Poker, Aces and Eights and others'),
(3053, 3, 4, 'Amir M', 'Europe', 'EUR', '3760.00', 1383973200, 'Standard Sportsbet - Sportsbet, Premium Sportsbet - Sportsbet'),
(3054, 3, 3, 'Anaa J', 'Oceania', 'EUR', '6941.49', 1383973200, 'Avalon, Lucky Witch, Cashapillar and others'),
(3055, 3, 4, 'Andreas N', 'Scandinavia', 'EUR', '3265.24', 1383973200, 'European Blackjack - High Limit, European Blackjack Gold'),
(3056, 3, 3, 'Andromaxi K', 'Europe', 'EUR', '4170.88', 1383973200, 'The Great Galaxy Grab'),
(3057, 3, 3, 'Augustas A', 'Scandinavia', 'EUR', '9411.00', 1383973200, 'Roulette (look 3), Royal 7''s, Texas Hold''em Bonus Poker Gold'),
(3058, 3, 3, 'Barbara G', 'Oceania', 'EUR', '3525.99', 1383973200, 'Avalon, Lion''s Pride, Halloweenies and others'),
(3059, 3, 4, 'Beejal K', 'Europe', 'EUR', '59490.90', 1383973200, 'Standard Sportsbet - Sportsbet, Premium Sportsbet - Sportsbet, European Blackjack Gold'),
(3060, 3, 3, 'Brenda R', 'Canada', 'EUR', '4164.26', 1383973200, 'Deck the Halls, Mega Moolah Isis, Polar Pioneers and others'),
(3061, 3, 3, 'Carolyn H', 'Canada', 'EUR', '6037.00', 1383973200, 'Sweet Harvest'),
(3062, 3, 3, 'Catherine B', 'Europe', 'EUR', '5948.00', 1383973200, 'Girls With Guns - Jungle Heat, Alaskan Fishing, Mega Moolah and others'),
(3063, 3, 3, 'Cheryl F', 'Oceania', 'EUR', '4300.00', 1383973200, 'Lucky Witch, Alaskan Fishing'),
(3064, 3, 3, 'Claudio C', 'Europe', 'EUR', '8707.15', 1383973200, 'Ramesses Riches, Classic Blackjack Gold'),
(3065, 3, 5, 'Clinton G', 'Oceania', 'EUR', '3593.41', 1383973200, 'Break Away, Pure Platinum, Hot Ink and others'),
(3066, 3, 6, 'Conor C', 'Oceania', 'EUR', '27110.00', 1383973200, 'Mermaids Millions, The Dark Knight Rises, What a Hoot'),
(3067, 3, 4, 'Damian M', 'Europe', 'EUR', '6075.51', 1383973200, 'Premium Sportsbet - Sportsbet, Standard Sportsbet - Sportsbet'),
(3068, 3, 4, 'Dave L', 'Canada', 'EUR', '5451.62', 1383973200, 'Jacks or Better - 4 Play Power Poker, Quest for Beer'),
(3069, 3, 3, 'Dawn R', 'Canada', 'EUR', '7103.25', 1383973200, 'Isis - MP'),
(3070, 3, 3, 'Elfriede S', 'Europe', 'EUR', '4513.30', 1383973200, 'Crazy Chameleons, Sure Win, Big Kahuna - Snakes and Ladders and others'),
(3071, 3, 4, 'Erkki L', 'Scandinavia', 'EUR', '3218.39', 1383973200, 'Stash of the Titans, Shoot!, Ladies Nite and others'),
(3072, 3, 3, 'Eva B', 'Oceania', 'EUR', '8700.00', 1383973200, 'Immortal Romance'),
(3073, 3, 3, 'Eva K', 'Canada', 'EUR', '7071.10', 1383973200, 'Burning Desire, Loaded, 5 Reel Drive and others'),
(3074, 3, 3, 'Franco G', 'Europe', 'EUR', '5217.50', 1383973200, 'Pure Platinum, Break Away, Racing for Pinks and others'),
(3075, 3, 3, 'Gabriel L', 'Europe', 'EUR', '10050.00', 1383973200, 'Adventure Palace'),
(3076, 3, 3, 'Gareth J', 'Europe', 'EUR', '7768.11', 1383973200, 'Burning Desire, Silver Fang, Multi-Hand Perfect Pairs European Blackjack Gold and others'),
(3077, 3, 3, 'Giuseppe G', 'Europe', 'EUR', '3734.00', 1383973200, 'Pedal Power, Phantom Cash, The Twisted Circus and others'),
(3078, 3, 3, 'Giuseppe L', 'Oceania', 'EUR', '3808.73', 1383973200, 'Pure Platinum'),
(3079, 3, 3, 'Heidi B', 'Europe', 'EUR', '7029.53', 1383973200, 'Couch Potato, Voila, Tomb Raider and others'),
(3080, 3, 6, 'Hossam S', 'Europe', 'EUR', '11837.25', 1383973200, 'Racing for Pinks, Rhyming Reels Georgie Porgie'),
(3081, 3, 3, 'Inge Andre K', 'Scandinavia', 'EUR', '7279.39', 1383973200, 'Avalon, Secret Admirer, You Lucky Barstard and others'),
(3082, 3, 6, 'Iris W', 'Europe', 'EUR', '4979.60', 1383973200, 'Thunderstruck, 5 Reel Drive, What a Hoot and others'),
(3083, 3, 4, 'Jannis A', 'Scandinavia', 'EUR', '19054.72', 1383973200, 'Thunderstruck II, Jason and the Golden Fleece, Bust The Bank and others'),
(3084, 3, 4, 'Jarle N', 'Scandinavia', 'EUR', '30690.00', 1383973200, 'Premium Sportsbet - Sportsbet'),
(3085, 3, 3, 'Jason H', 'Oceania', 'EUR', '10315.19', 1383973200, 'European Blackjack Gold'),
(3086, 3, 6, 'Jodie M', 'Oceania', 'EUR', '3056.64', 1383973200, 'Santa''s Wild Ride, Leagues of Fortune, 5 Reel Drive and others'),
(3087, 3, 4, 'Juan Miguel G', 'Europe', 'EUR', '5000.00', 1383973200, 'Standard Sportsbet - Sportsbet'),
(3088, 3, 7, 'Julian C', 'Europe', 'EUR', '9600.00', 1383973200, 'Jacks or Better - 10 Play Power Poker'),
(3089, 3, 3, 'Justin A', 'Oceania', 'EUR', '4825.10', 1383973200, 'Break da Bank Again, Dr Watts Up, Jason and the Golden Fleece'),
(3090, 3, 3, 'Karlene D', 'Oceania', 'EUR', '3509.70', 1383973200, 'Billion Dollar Gran, Big Kahuna - Snakes and Ladders, Girls With Guns - Jungle Heat and others'),
(3091, 3, 6, 'Karl-heinz B', 'Europe', 'EUR', '4060.15', 1383973200, 'Isis - MP, Break Away, Cashapillar and others'),
(3092, 3, 4, 'Karyn C', 'Oceania', 'EUR', '9900.00', 1383973200, 'Tomb Raider, Thunderstruck II'),
(3093, 3, 3, 'Kasra Y', 'Canada', 'EUR', '6000.00', 1383973200, 'Casino War, Atlantic City Blackjack Gold'),
(3094, 3, 3, 'Kosta P', 'Oceania', 'EUR', '10200.00', 1383973200, 'Carnaval, Lady in Red, Days of the Tsar and others'),
(3095, 3, 3, 'Kyle T', 'Oceania', 'EUR', '17613.45', 1383973200, 'Couch Potato, Loaded, Tally Ho and others'),
(3096, 3, 4, 'Lars S', 'Scandinavia', 'EUR', '5693.39', 1383973200, 'Thunderstruck II, Spring Break'),
(3097, 3, 6, 'Loretta D', 'Canada', 'EUR', '7946.95', 1383973200, 'Dolphin Quest, Gold Ahoy, Big Kahuna - Snakes and Ladders and others'),
(3098, 3, 3, 'Maire R', 'Scandinavia', 'EUR', '3999.75', 1383973200, 'Thunderstruck II'),
(3099, 3, 3, 'Marco L', 'Europe', 'EUR', '3131.95', 1383973200, '5 Reel Drive, Kathmandu, Avalon'),
(3100, 3, 3, 'Marian B', 'Europe', 'EUR', '3926.20', 1383973200, 'Pure Platinum, The Finer Reels of Life, Immortal Romance and others'),
(3101, 3, 4, 'Marie D', 'Scandinavia', 'EUR', '6935.00', 1383973200, 'Immortal Romance'),
(3102, 3, 4, 'Mario B', 'Canada', 'EUR', '4501.16', 1383973200, 'Thunderstruck II, Immortal Romance, CashOccino'),
(3103, 3, 4, 'Matias V', 'Scandinavia', 'EUR', '5660.70', 1383973200, 'Double Joker - Level Up Poker, Untamed - Bengal Tiger, European Roulette Gold and others'),
(3104, 3, 4, 'Michelle P', 'Oceania', 'EUR', '6882.00', 1383973200, 'Agent Jane Blonde'),
(3105, 3, 4, 'Nikola D', 'Scandinavia', 'EUR', '3747.74', 1383973200, 'European Blackjack Gold, Premium Sportsbet - Sportsbet'),
(3106, 3, 4, 'Nina H', 'Scandinavia', 'EUR', '3783.97', 1383973200, 'Break da Bank Again, Ladies Nite, Bush Telegraph and others'),
(3107, 3, 3, 'Nyx Y', 'Oceania', 'EUR', '10580.00', 1383973200, 'Pure Platinum'),
(3108, 3, 6, 'Paul A', 'Scandinavia', 'EUR', '29729.80', 1383973200, 'Ladies Nite, Thunderstruck, Adventure Palace and others'),
(3109, 3, 6, 'Paul C', 'Oceania', 'EUR', '4428.00', 1383973200, 'The Finer Reels of Life'),
(3110, 3, 6, 'Perlin S', 'Oceania', 'EUR', '6000.00', 1383973200, 'Burning Desire, Thunderstruck II, Mega Moolah and others'),
(3111, 3, 3, 'Richard T', 'Europe', 'EUR', '5591.89', 1383973200, 'Cashapillar, Halloweenies, Burning Desire and others'),
(3112, 3, 4, 'Ryan N', 'Europe', 'EUR', '6500.76', 1383973200, 'Premium Sportsbet - Sportsbet'),
(3113, 3, 3, 'Sang H', 'Canada', 'EUR', '3271.80', 1383973200, 'Fire N Dice, Who wants to be a Stallionaire, Racing for Pinks and others'),
(3114, 3, 3, 'Sjouke H', 'Europe', 'EUR', '3150.40', 1383973200, 'Deck the Halls, Agent Jane Blonde, Voila and others'),
(3115, 3, 4, 'Stefano B', 'Europe', 'EUR', '7821.79', 1383973200, 'Premium Sportsbet - Sportsbet, Standard Sportsbet - Sportsbet'),
(3116, 3, 5, 'Susan H', 'Europe', 'EUR', '4133.54', 1383973200, 'Adventure Palace, Thunderstruck'),
(3117, 3, 3, 'Susan M', 'Canada', 'EUR', '4303.80', 1383973200, 'Break Away'),
(3118, 3, 4, 'Tony W', 'Europe', 'EUR', '3500.00', 1383973200, 'Premium Sportsbet - Sportsbet, Standard Sportsbet - Sportsbet'),
(3119, 3, 4, 'Ulrika Ö', 'Scandinavia', 'EUR', '36000.00', 1383973200, 'Unused'),
(3120, 3, 3, 'Wayne A', 'Oceania', 'EUR', '4959.00', 1383973200, 'Reel Gems'),
(3121, 3, 4, 'William S', 'Europe', 'EUR', '7301.47', 1383973200, 'Premium Sportsbet - Sportsbet'),
(3122, 3, 6, 'Zoe M', 'Europe', 'EUR', '5600.26', 1383973200, 'Sweet Harvest, Octopays, Rhyming Reels Old King Cole and others'),
(3123, 3, 4, 'Adrian K', 'Europe', 'EUR', '40517.65', 1383886800, 'Mugshot Madness, Lucky Darts, Lucky Rabbit Loot - Feature Game and others'),
(3124, 3, 4, 'Adrian V', 'Europe', 'EUR', '4446.00', 1383886800, 'Standard Sportsbet - Sportsbet'),
(3125, 3, 3, 'Adrian W', 'Europe', 'EUR', '8094.01', 1383886800, 'Thunderstruck II'),
(3126, 3, 3, 'Anaa J', 'Oceania', 'EUR', '7093.00', 1383886800, 'Cashapillar, Immortal Romance, Mermaids Millions and others'),
(3127, 3, 4, 'Andreas N', 'Scandinavia', 'EUR', '4615.80', 1383886800, 'Super Fun 21 Blackjack, Premium Sportsbet - Sportsbet, Cyberstud Poker'),
(3128, 3, 3, 'Andrew H', 'Oceania', 'EUR', '3479.88', 1383886800, 'Premier Roulette'),
(3129, 3, 4, 'Angela S', 'Scandinavia', 'EUR', '32600.00', 1383886800, 'Rhyming Reels Queen of Hearts, Playboy'),
(3130, 3, 3, 'Augustas A', 'Scandinavia', 'EUR', '6562.00', 1383886800, 'Roulette (look 3), European Roulette Gold'),
(3131, 3, 4, 'Beejal K', 'Europe', 'EUR', '39461.76', 1383886800, 'Standard Sportsbet - Sportsbet, European Blackjack Gold, Premium Sportsbet - Sportsbet'),
(3132, 3, 6, 'Cameron E', 'Canada', 'EUR', '3605.56', 1383886800, 'Eagle''s Wings, Mermaids Millions, Dr Watts Up'),
(3133, 3, 4, 'Carlos V', 'Europe', 'EUR', '4575.00', 1383886800, 'Thunderstruck'),
(3134, 3, 4, 'Claes W', 'Scandinavia', 'EUR', '3028.22', 1383886800, 'European Roulette Gold'),
(3135, 3, 6, 'Conor C', 'Oceania', 'EUR', '10250.00', 1383886800, 'What a Hoot, The Dark Knight Rises, Tomb Raider Secret of the Sword'),
(3136, 3, 6, 'Deborah M', 'Oceania', 'EUR', '3171.09', 1383886800, 'Treasure Nile, Tomb Raider, Immortal Romance and others'),
(3137, 3, 6, 'Diane L', 'Canada', 'EUR', '6019.12', 1383886800, 'Big Kahuna - Snakes and Ladders'),
(3138, 3, 3, 'Dick V', 'Europe', 'EUR', '12515.30', 1383886800, 'Playboy, Mega Moolah Isis, Private Eye'),
(3139, 3, 3, 'Eleni G', 'Europe', 'EUR', '3580.25', 1383886800, 'Ladies Nite, Agent Jane Blonde, Break Away and others'),
(3140, 3, 4, 'Erkki L', 'Scandinavia', 'EUR', '4647.86', 1383886800, 'Arctic Fortune, Days of the Tsar, Agent Jane Blonde and others'),
(3141, 3, 3, 'Gabriel L', 'Europe', 'EUR', '36910.73', 1383886800, 'Deck the Halls, Thunderstruck, Avalon and others'),
(3142, 3, 3, 'Gareth J', 'Europe', 'EUR', '34783.79', 1383886800, 'Shoot!, Cashapillar, Multi-Hand Perfect Pairs European Blackjack Gold and others'),
(3143, 3, 4, 'Geir I', 'Scandinavia', 'EUR', '5616.89', 1383886800, 'What a Hoot, The Dark Knight Rises, Halloweenies'),
(3144, 3, 6, 'Gheorghita D', 'Europe', 'EUR', '25492.42', 1383886800, 'European Roulette Gold'),
(3145, 3, 3, 'Gilles L', 'Canada', 'EUR', '9742.00', 1383886800, 'Doctor Love'),
(3146, 3, 3, 'Giuseppe F', 'Europe', 'EUR', '6372.50', 1383886800, 'Agent Jane Blonde, Racing for Pinks'),
(3147, 3, 3, 'Giuseppe G', 'Europe', 'EUR', '12676.27', 1383886800, 'The Dark Knight Rises, Dolphin Coast, Sweet Harvest and others'),
(3148, 3, 3, 'Ivana P', 'Europe', 'EUR', '5353.19', 1383886800, 'Sterling Silver, Loaded, Dolphin Coast and others'),
(3149, 3, 3, 'Janette B', 'Oceania', 'EUR', '3627.83', 1383886800, 'Voila, Avalon, Tomb Raider'),
(3150, 3, 3, 'Jarno A', 'Scandinavia', 'EUR', '3052.43', 1383886800, 'Bust The Bank, Avalon, Mystic Dreams and others'),
(3151, 3, 6, 'Jerrod Z', 'Canada', 'EUR', '4876.00', 1383886800, 'The Dark Knight Rises'),
(3152, 3, 4, 'Jess C', 'Oceania', 'EUR', '5140.00', 1383886800, 'Mega Moolah, Thunderstruck'),
(3153, 3, 7, 'Johann G', 'Europe', 'EUR', '4430.35', 1383886800, 'Deck the Halls, Fortune Finder, Lucky Witch and others'),
(3154, 3, 4, 'Julian H', 'Europe', 'EUR', '5940.00', 1383886800, 'Standard Sportsbet - Sportsbet'),
(3155, 3, 3, 'Julien M', 'Europe', 'EUR', '17764.80', 1383886800, 'Playboy, Thunderstruck II, The Twisted Circus and others'),
(3156, 3, 3, 'Justin A', 'Oceania', 'EUR', '5028.89', 1383886800, 'Great Griffin, Sweet Harvest, Dragon Lady'),
(3157, 3, 4, 'Kjeld C', 'Europe', 'EUR', '50400.00', 1383886800, 'Jason and the Golden Fleece, Adventure Palace, Avalon and others'),
(3158, 3, 4, 'Kjetil H', 'Scandinavia', 'EUR', '76120.00', 1383886800, 'Pure Platinum, Break Da Bank, Tomb Raider and others'),
(3159, 3, 3, 'Kosta P', 'Oceania', 'EUR', '10715.35', 1383886800, 'European Blackjack Gold, Big Top, Reel Strike and others'),
(3160, 3, 4, 'Kristin Kjus F', 'Scandinavia', 'EUR', '25600.00', 1383886800, 'European Roulette'),
(3161, 3, 6, 'Linda H', 'Canada', 'EUR', '5978.10', 1383886800, 'Deck the Halls, Cashville, Tally Ho and others'),
(3162, 3, 3, 'Luke E', 'Oceania', 'EUR', '5462.00', 1383886800, 'Burning Desire, Thunderstruck II'),
(3163, 3, 3, 'Maria H', 'Oceania', 'EUR', '4731.00', 1383886800, 'Doctor Love, Prime Property, Jewels of the Orient and others'),
(3164, 3, 4, 'Marie-josée P', 'Canada', 'EUR', '6790.00', 1383886800, 'Tiger Moon, Rhyming Reels - Jack & Jill, Playboy'),
(3165, 3, 3, 'Mark F', 'Oceania', 'EUR', '3046.44', 1383886800, 'Crocodopolis, Treasure Nile 5-Reel'),
(3166, 3, 3, 'Marnie S', 'Oceania', 'EUR', '9280.99', 1383886800, 'Ladies Nite'),
(3167, 3, 4, 'Matias V', 'Scandinavia', 'EUR', '6678.55', 1383886800, 'The Dark Knight Rises, Rhyming Reels Georgie Porgie, Ruby of the Nile and others'),
(3168, 3, 7, 'Omar B', 'Scandinavia', 'EUR', '24389.00', 1383886800, 'The Twisted Circus, Asian Beauty'),
(3169, 3, 3, 'Pascal C', 'Canada', 'EUR', '9250.00', 1383886800, 'Roulette (look 3)'),
(3170, 3, 6, 'Paul A', 'Scandinavia', 'EUR', '19642.75', 1383886800, 'Immortal Romance, Racing for Pinks, Mermaids Millions and others'),
(3171, 3, 4, 'Paul B', 'Europe', 'EUR', '6952.58', 1383886800, 'Premium Sportsbet - Sportsbet'),
(3172, 3, 3, 'Paul Q', 'Europe', 'EUR', '3777.91', 1383886800, 'Break da Bank Again, Thunderstruck II, Voila and others'),
(3173, 3, 4, 'Per-anders L', 'Scandinavia', 'EUR', '3391.07', 1383886800, 'Secret Admirer, Break Away, Sweet Harvest and others'),
(3174, 3, 6, 'Perlin S', 'Oceania', 'EUR', '4400.00', 1383886800, 'Leagues of Fortune, Racing for Pinks'),
(3175, 3, 3, 'Peter T', 'Europe', 'EUR', '3360.50', 1383886800, 'Thunderstruck II'),
(3176, 3, 4, 'Rami H', 'Scandinavia', 'EUR', '3448.99', 1383886800, 'Burning Desire, Agent Jane Blonde, Avalon and others'),
(3177, 3, 3, 'Sandra H', 'Canada', 'EUR', '10408.00', 1383886800, 'Deck the Halls, Voila'),
(3178, 3, 3, 'Scott C', 'Oceania', 'EUR', '4462.30', 1383886800, 'Girls With Guns - Jungle Heat, Hot Ink, Burning Desire and others'),
(3179, 3, 4, 'Sean H', 'Canada', 'EUR', '9909.53', 1383886800, 'Leagues of Fortune, Monsters in the Closet, Racing for Pinks and others'),
(3180, 3, 3, 'Shannon R', 'Canada', 'EUR', '4500.00', 1383886800, 'Crazy 80''s'),
(3181, 3, 4, 'Stefano B', 'Europe', 'EUR', '4755.00', 1383886800, 'Standard Sportsbet - Sportsbet'),
(3182, 3, 5, 'Susan H', 'Europe', 'EUR', '8286.31', 1383886800, 'Thunderstruck, Reel Strike, Tomb Raider and others'),
(3183, 3, 3, 'Susan M', 'Canada', 'EUR', '17302.50', 1383886800, 'Break Away, Alaskan Fishing'),
(3184, 3, 4, 'Timothy Y', 'Europe', 'EUR', '3514.08', 1383886800, 'Standard Sportsbet - Sportsbet'),
(3185, 3, 4, 'Tony C', 'Europe', 'EUR', '5368.93', 1383886800, 'Standard Sportsbet - Sportsbet, Premium Sportsbet - Sportsbet'),
(3186, 3, 4, 'Ulrika Ö', 'Scandinavia', 'EUR', '30040.00', 1383886800, 'Lady in Red'),
(3187, 3, 6, 'Vicki D', 'Canada', 'EUR', '3216.09', 1383886800, 'Thunderstruck II, Immortal Romance, Halloweenies and others'),
(3188, 3, 6, 'Volker G', 'Europe', 'EUR', '3035.20', 1383886800, 'Break Da Bank, Premier Roulette Diamond Edition, Thunderstruck and others'),
(3189, 3, 4, 'Wenche H', 'Scandinavia', 'EUR', '3303.44', 1383886800, 'CashOccino, Scrooge, Wealth Spa and others'),
(3190, 3, 3, 'Wendy M', 'Europe', 'EUR', '3273.35', 1383886800, 'Mega Moolah Isis, Mega Moolah Isis, The Twisted Circus'),
(3191, 4, 10, 'Eleonora B', 'Sweden', 'USD', '64129.00', 1384059600, 'Break da Bank Again'),
(3192, 4, 10, 'J?rgen E', 'Sweden', 'USD', '63628.00', 1384059600, 'Immortal Romance 97'),
(3193, 4, 10, 'Ozturk A', 'Sweden', 'USD', '58158.00', 1384059600, 'Bonus Slot - Alaskan Fishing'),
(3194, 4, 10, 'Patrick D', 'Canada', 'USD', '50590.00', 1384059600, 'Multihand Video Poker - Joker Poker'),
(3195, 4, 10, 'Aleta E', 'Canada', 'USD', '43988.00', 1384059600, 'Feature Slot - Thunderstruck'),
(3196, 4, 10, 'Sean C', 'Canada', 'USD', '38734.00', 1384059600, 'Video Poker'),
(3197, 4, 10, 'Doris L', 'Germany', 'USD', '29683.00', 1384059600, 'Feature Slot - Thunderstruck'),
(3198, 4, 10, 'Eleonora B', 'Sweden', 'USD', '26923.00', 1384059600, 'Feature Slot - Thunderstruck'),
(3199, 4, 10, 'Jeffrey B', 'Australia', 'USD', '21610.00', 1384059600, 'Bonus Slot - Thunderstruck II'),
(3200, 4, 10, 'Annika F', 'Sweden', 'USD', '21168.00', 1384059600, 'Feature Slot - Thunderstruck'),
(3201, 4, 10, 'Shawn P', 'Australia', 'USD', '19146.00', 1384059600, 'Burning Desire'),
(3202, 4, 10, 'Levi B', 'United Kingdom', 'USD', '17277.00', 1384059600, 'Roulette'),
(3203, 4, 10, 'Franco P', 'Australia', 'USD', '16494.00', 1384059600, 'MP Slots - Wheel of Wealth'),
(3204, 4, 10, 'Chris A', 'Australia', 'USD', '16112.00', 1384059600, 'Immortal Romance 97'),
(3205, 4, 10, 'Besim G', 'Sweden', 'USD', '14954.00', 1384059600, 'Immortal Romance 97'),
(3206, 4, 10, 'Mojgan Z', 'Canada', 'USD', '14746.00', 1384059600, 'Feature Slot - Flying Circus'),
(3207, 4, 10, 'Niclas P', 'Sweden', 'USD', '14625.00', 1384059600, 'Bonus Slot - Thunderstruck II'),
(3208, 4, 10, 'Shawn P', 'Australia', 'USD', '14325.00', 1384059600, 'Feature Slot - Thunderstruck'),
(3209, 4, 10, 'Shawn P', 'Australia', 'USD', '13639.00', 1384059600, 'Bonus Slot - Tomb Raider'),
(3210, 4, 10, 'Daniel F', 'Australia', 'USD', '12484.00', 1384059600, 'Slots - Big Top');

/*!40101 SET CHARACTER_SET_CLIENT=@OLD_CHARACTER_SET_CLIENT */;
/*!40101 SET CHARACTER_SET_RESULTS=@OLD_CHARACTER_SET_RESULTS */;
/*!40101 SET COLLATION_CONNECTION=@OLD_COLLATION_CONNECTION */;
