-- phpMyAdmin SQL Dump
-- version 4.0.10.14
-- http://www.phpmyadmin.net
--
-- Host: localhost:3306
-- Generation Time: May 10, 2018 at 09:26 AM
-- Server version: 5.5.50-38.0-log
-- PHP Version: 5.4.31

SET SQL_MODE = "NO_AUTO_VALUE_ON_ZERO";
SET time_zone = "+00:00";


/*!40101 SET @OLD_CHARACTER_SET_CLIENT=@@CHARACTER_SET_CLIENT */;
/*!40101 SET @OLD_CHARACTER_SET_RESULTS=@@CHARACTER_SET_RESULTS */;
/*!40101 SET @OLD_COLLATION_CONNECTION=@@COLLATION_CONNECTION */;
/*!40101 SET NAMES utf8 */;

--
-- Database: `onlinesl_games`
--

-- --------------------------------------------------------

--
-- Table structure for table `clicks`
--

CREATE TABLE IF NOT EXISTS `clicks` (
  `id` int(10) NOT NULL,
  `clicks` int(10) NOT NULL
) ENGINE=MyISAM DEFAULT CHARSET=utf8;

--
-- Dumping data for table `clicks`
--

INSERT INTO `clicks` (`id`, `clicks`) VALUES
(29, 302),
(379, 61),
(494, 15),
(518, 186),
(488, 27),
(452, 55),
(138, 68),
(380, 45),
(495, 12),
(369, 965),
(340, 71),
(0, 14),
(183, 38),
(31, 189),
(21, 294),
(448, 16),
(14, 396),
(371, 162),
(189, 132),
(582, 51),
(585, 157),
(551, 104),
(102, 5),
(91, 20),
(536, 20),
(515, 96),
(93, 149),
(466, 14),
(115, 7),
(101, 17),
(105, 8),
(32, 322),
(30, 90),
(100, 7),
(97, 4),
(85, 21),
(225, 21),
(2, 209),
(53, 301),
(72, 6),
(84, 95),
(92, 276),
(324, 156),
(192, 57),
(390, 6),
(598, 227),
(479, 412),
(477, 55),
(378, 104),
(569, 386),
(343, 837),
(139, 105),
(83, 124),
(94, 47),
(229, 2),
(406, 41),
(190, 60),
(10, 277),
(415, 73),
(499, 56),
(463, 14),
(539, 282),
(334, 12),
(35, 502),
(431, 679),
(344, 1168),
(147, 142),
(558, 56),
(345, 868),
(418, 119),
(170, 36),
(430, 109),
(123, 3),
(347, 191),
(61, 64),
(414, 44),
(130, 156),
(346, 248),
(608, 144),
(82, 21),
(370, 140),
(473, 138),
(528, 148),
(442, 22),
(341, 110),
(330, 94),
(74, 44),
(76, 35),
(121, 7),
(436, 15),
(127, 785),
(444, 18),
(557, 37),
(505, 394),
(460, 8),
(491, 5),
(11, 66),
(327, 183),
(3, 162),
(12, 113),
(559, 86),
(95, 83),
(16, 67),
(526, 138),
(417, 64),
(458, 20),
(174, 60),
(376, 107),
(577, 153),
(169, 44),
(472, 93),
(349, 73),
(198, 95),
(554, 295),
(114, 3),
(512, 61),
(470, 461),
(541, 83),
(474, 739),
(564, 75),
(381, 17),
(462, 19),
(575, 148),
(187, 32),
(167, 47),
(156, 100),
(197, 32),
(89, 48),
(20, 107),
(199, 53),
(351, 138),
(382, 10),
(168, 30),
(353, 228),
(478, 723),
(333, 50),
(447, 15),
(146, 40),
(492, 6),
(490, 9),
(449, 6),
(160, 40),
(166, 38),
(33, 89),
(25, 889),
(44, 37),
(412, 76),
(386, 3),
(464, 11),
(362, 301),
(457, 6),
(562, 88),
(563, 473),
(387, 8),
(552, 43),
(453, 10),
(427, 81),
(5, 113),
(548, 320),
(538, 83),
(438, 4),
(318, 29),
(49, 152),
(131, 25),
(182, 23),
(589, 282),
(359, 146),
(435, 6),
(428, 21),
(184, 19),
(177, 29),
(439, 4),
(534, 31),
(148, 29),
(159, 118),
(392, 2),
(176, 20),
(154, 37),
(338, 20),
(216, 32),
(476, 23),
(339, 187),
(153, 44),
(211, 68),
(601, 26),
(336, 28),
(365, 94),
(513, 43),
(60, 17),
(399, 4),
(519, 21),
(163, 23),
(28, 637),
(213, 182),
(214, 62),
(17, 346),
(63, 41),
(180, 87),
(420, 563),
(368, 358),
(140, 78),
(570, 534),
(150, 22),
(158, 127),
(342, 1129),
(173, 58),
(358, 66),
(194, 92),
(573, 517),
(480, 95),
(423, 1406),
(422, 95),
(350, 173),
(90, 23),
(122, 6),
(323, 2),
(224, 5),
(397, 2),
(373, 34),
(469, 99),
(411, 72),
(210, 28),
(396, 3),
(145, 26),
(6, 60),
(593, 45),
(8, 92),
(498, 4),
(523, 124),
(407, 9),
(136, 86),
(565, 318),
(574, 65),
(375, 155),
(37, 29),
(413, 54),
(455, 2),
(416, 78),
(609, 67),
(329, 59),
(393, 4),
(360, 823),
(348, 287),
(603, 42),
(355, 222),
(560, 137),
(578, 65),
(188, 149),
(506, 48),
(212, 91),
(402, 4),
(467, 13),
(508, 692),
(542, 46),
(561, 57),
(165, 43),
(543, 25),
(352, 619),
(535, 41),
(98, 4),
(332, 64),
(40, 81),
(437, 10),
(581, 99),
(164, 42),
(137, 348),
(328, 41),
(357, 202),
(4, 64),
(497, 20),
(501, 445),
(195, 116),
(24, 77),
(206, 36),
(555, 52),
(141, 262),
(356, 93),
(483, 259),
(26, 78),
(45, 241),
(171, 48),
(47, 54),
(179, 30),
(59, 23),
(600, 27),
(181, 20),
(152, 30),
(409, 101),
(401, 6),
(525, 120),
(203, 37),
(367, 587),
(201, 92),
(571, 217),
(374, 165),
(18, 249),
(440, 8),
(451, 9),
(394, 4),
(572, 60),
(64, 133),
(445, 18),
(335, 29),
(162, 50),
(96, 8),
(567, 96),
(450, 7),
(23, 592),
(133, 22),
(19, 48),
(433, 183),
(426, 99),
(55, 46),
(595, 37),
(599, 19),
(58, 37),
(126, 63),
(530, 155),
(36, 68),
(73, 5),
(77, 5),
(576, 46),
(331, 62),
(580, 30),
(366, 245),
(522, 7),
(410, 45),
(38, 43),
(529, 22),
(132, 42),
(395, 3),
(86, 15),
(531, 47),
(475, 211),
(196, 38),
(456, 6),
(39, 46),
(516, 50),
(544, 34),
(354, 158),
(459, 7),
(504, 35),
(27, 290),
(579, 79),
(385, 5),
(553, 121),
(443, 7),
(408, 4),
(103, 6),
(540, 159),
(22, 83),
(202, 111),
(545, 168),
(398, 3),
(486, 187),
(583, 58),
(482, 80),
(200, 18),
(556, 36),
(326, 60),
(546, 33),
(586, 28),
(547, 35),
(135, 62),
(155, 21),
(128, 51),
(434, 5),
(15, 44),
(510, 12),
(487, 365),
(481, 22),
(149, 20),
(484, 393),
(384, 2),
(41, 27),
(532, 95),
(42, 123),
(511, 14),
(372, 269),
(524, 33),
(584, 62),
(465, 6),
(144, 106),
(517, 55),
(507, 17),
(325, 13),
(34, 41),
(587, 42),
(157, 34),
(13, 51),
(186, 67),
(461, 3),
(46, 27),
(429, 72),
(175, 62),
(193, 60),
(207, 62),
(48, 37),
(204, 23),
(391, 3),
(521, 26),
(388, 4),
(313, 1),
(161, 61),
(509, 20),
(568, 144),
(143, 44),
(588, 46),
(389, 1),
(432, 37),
(485, 54),
(421, 73),
(377, 65),
(454, 5),
(50, 57),
(514, 32),
(591, 20),
(471, 111),
(404, 2),
(134, 27),
(178, 24),
(361, 139),
(533, 24),
(590, 79),
(468, 48),
(550, 51),
(527, 27),
(493, 1),
(592, 353),
(129, 29),
(51, 92),
(337, 49),
(52, 826),
(54, 50),
(594, 29),
(446, 5),
(496, 3),
(56, 29),
(549, 31),
(205, 18),
(596, 43),
(537, 24),
(57, 31),
(566, 34),
(597, 10),
(441, 4),
(602, 23),
(151, 13),
(363, 74),
(142, 31),
(503, 48),
(489, 1),
(604, 33),
(424, 22),
(7, 116),
(87, 10),
(364, 250),
(500, 28),
(605, 252),
(606, 14),
(607, 44),
(104, 2),
(62, 41),
(403, 3),
(65, 103),
(425, 92),
(520, 28),
(405, 3),
(9, 83),
(172, 23),
(321, 5),
(125, 1),
(227, 3),
(228, 5),
(106, 3),
(109, 3),
(319, 3),
(230, 2),
(79, 6),
(322, 1),
(71, 4),
(120, 3),
(320, 1),
(317, 1),
(80, 4),
(69, 1),
(78, 2),
(88, 5),
(70, 5),
(43, 34),
(118, 2),
(226, 2),
(119, 2),
(642, 16),
(623, 364),
(624, 105),
(638, 105),
(678, 182),
(628, 42),
(663, 533),
(657, 26),
(626, 240),
(643, 163),
(616, 59),
(679, 250),
(630, 42),
(661, 107),
(629, 95),
(637, 198),
(660, 158),
(613, 98),
(669, 116),
(656, 37),
(658, 232),
(619, 33),
(651, 1),
(631, 104),
(615, 38),
(646, 86),
(625, 247),
(664, 177),
(662, 96),
(614, 78),
(667, 87),
(620, 36),
(611, 61),
(634, 52),
(654, 52),
(617, 65),
(633, 41),
(674, 409),
(621, 60),
(627, 88),
(639, 377),
(645, 299),
(659, 34),
(655, 42),
(618, 153),
(640, 350),
(650, 2),
(632, 110),
(665, 185),
(666, 257),
(636, 48),
(653, 92),
(668, 768),
(644, 42),
(612, 23),
(677, 160),
(671, 55),
(647, 1),
(641, 918),
(622, 44),
(68, 4),
(107, 1),
(684, 1),
(726, 528),
(729, 1219),
(738, 83),
(737, 199),
(733, 69),
(732, 197),
(740, 106),
(736, 168),
(731, 1266),
(725, 2),
(702, 4),
(739, 83),
(670, 116),
(730, 834),
(710, 1),
(807, 317),
(865, 251),
(800, 303),
(799, 829),
(886, 2113),
(915, 1931),
(914, 644),
(912, 593),
(913, 941),
(910, 451),
(911, 540),
(908, 771),
(906, 429),
(816, 349),
(747, 124),
(907, 793),
(867, 267),
(863, 184),
(866, 301),
(819, 665),
(868, 1867),
(872, 235),
(899, 1211),
(887, 1676),
(762, 306),
(890, 1223),
(759, 71),
(765, 301),
(746, 88),
(742, 68),
(882, 1724),
(892, 2871),
(905, 712),
(902, 1094),
(904, 313),
(815, 283),
(735, 198),
(880, 1560),
(750, 234),
(801, 198),
(909, 1882),
(903, 1066),
(881, 407),
(877, 1333),
(744, 162),
(901, 630),
(769, 181),
(873, 450),
(874, 164),
(875, 222),
(871, 85),
(870, 94),
(760, 212),
(888, 330),
(766, 111),
(773, 627),
(891, 306),
(745, 674),
(889, 1224),
(797, 105),
(883, 3717),
(900, 227),
(879, 837),
(884, 1114),
(734, 621),
(878, 287),
(805, 318),
(813, 377),
(811, 261),
(796, 485),
(808, 255),
(755, 95),
(795, 535),
(809, 437),
(803, 392),
(777, 214),
(794, 386),
(741, 110),
(774, 92),
(748, 234),
(752, 87),
(771, 60),
(776, 256),
(781, 201),
(793, 160),
(782, 145),
(754, 359),
(763, 522),
(761, 539),
(675, 356),
(749, 384),
(676, 79),
(876, 145),
(869, 137),
(780, 145),
(810, 352),
(814, 467),
(885, 196),
(812, 291),
(751, 52),
(757, 112),
(862, 191),
(861, 118),
(743, 98),
(789, 26),
(864, 176),
(792, 358),
(770, 138),
(768, 81),
(673, 219),
(753, 162),
(893, 210),
(804, 560),
(635, 44),
(779, 174),
(860, 152),
(783, 50),
(767, 114),
(806, 196),
(791, 44),
(756, 40),
(802, 67),
(784, 31),
(775, 75),
(790, 20),
(672, 62),
(764, 111),
(785, 17),
(772, 52),
(758, 90),
(778, 73),
(786, 11),
(798, 72),
(787, 22),
(788, 6),
(974, 9606),
(963, 400),
(954, 526),
(952, 351),
(961, 209),
(944, 163),
(967, 458),
(970, 592),
(962, 577),
(941, 354),
(951, 268),
(972, 640),
(921, 334),
(956, 819),
(965, 591),
(971, 347),
(957, 218),
(942, 585),
(969, 3424),
(953, 263),
(938, 16),
(955, 210),
(960, 271),
(948, 145),
(973, 3014),
(964, 176),
(959, 302),
(958, 220),
(949, 185),
(946, 156),
(943, 116),
(932, 118),
(923, 215),
(920, 1071),
(947, 223),
(934, 37),
(940, 250),
(929, 36),
(936, 89),
(935, 47),
(922, 29),
(916, 17),
(937, 2299),
(919, 15),
(931, 16),
(926, 74),
(918, 180),
(933, 7197),
(111, 10),
(925, 194),
(930, 21),
(108, 2),
(1066, 1183),
(1056, 458),
(1065, 465),
(1064, 437),
(1060, 196),
(1057, 205),
(1037, 145),
(1063, 309),
(1029, 10),
(1061, 240),
(1038, 446),
(983, 60),
(1045, 75),
(1042, 135),
(1034, 61),
(989, 15),
(1059, 298),
(1062, 442),
(1043, 193),
(1053, 101),
(982, 15),
(1027, 114),
(1036, 336),
(1040, 217),
(1041, 554),
(1048, 232),
(1050, 229),
(1039, 78),
(1026, 73),
(1019, 47),
(998, 13),
(1044, 186),
(1046, 119),
(1047, 189),
(1054, 270),
(1028, 85),
(1058, 244),
(1055, 167),
(1051, 282),
(1049, 192),
(984, 232),
(1025, 21),
(1018, 72),
(988, 8),
(1005, 11),
(981, 184),
(1020, 25),
(985, 34),
(997, 6),
(999, 4),
(1001, 7),
(1004, 35),
(986, 10),
(987, 15),
(977, 13),
(979, 119),
(996, 7),
(978, 7),
(1030, 24),
(1032, 10),
(980, 2),
(1022, 15),
(110, 1),
(1007, 5),
(994, 7),
(1010, 2),
(1008, 4),
(991, 8),
(992, 18),
(1017, 6),
(990, 1),
(1021, 192),
(927, 287),
(924, 2),
(1000, 2),
(1024, 16),
(1003, 3),
(928, 10),
(1035, 2),
(917, 11),
(1006, 8),
(975, 20),
(1033, 14),
(1012, 6),
(1015, 2),
(113, 4),
(1023, 12),
(1013, 2),
(1014, 3),
(976, 1),
(1009, 4),
(1016, 1),
(112, 1),
(1, 4),
(67, 6),
(66, 2),
(81, 4);

-- --------------------------------------------------------

--
-- Table structure for table `games`
--

CREATE TABLE IF NOT EXISTS `games` (
  `id` int(11) NOT NULL AUTO_INCREMENT,
  `provider_id` int(11) NOT NULL,
  `type_id` int(10) NOT NULL,
  `name` varchar(255) NOT NULL,
  `gamelink` varchar(500) NOT NULL,
  `jetbull_link` varchar(255) NOT NULL,
  `image_url` varchar(255) NOT NULL,
  `image_width` int(4) NOT NULL,
  `image_height` int(4) NOT NULL,
  `image_name` varchar(50) NOT NULL,
  `created` timestamp NOT NULL DEFAULT CURRENT_TIMESTAMP,
  PRIMARY KEY (`id`)
) ENGINE=InnoDB  DEFAULT CHARSET=latin1 AUTO_INCREMENT=90 ;

--
-- Dumping data for table `games`
--

INSERT INTO `games` (`id`, `provider_id`, `type_id`, `name`, `gamelink`, `jetbull_link`, `image_url`, `image_width`, `image_height`, `image_name`, `created`) VALUES
(1, 1, 2, '5 Reel Drive', 'https://mobile2.gameassists.co.uk/MobileWebServices_40/Casino/Game/Launch/JackpotCity/5ReelDrive/en?isPracticePlay=true&lobbyurl=&xmanEndPoints=https://xplay2.gameassists.co.uk/XMan/x.x&bankingURL=&loginType=fullUPE&isRGI=true\r\n', '', 'title-screens/5-reel-drive.jpg', 0, 0, '', '2017-06-27 18:50:09'),
(3, 4, 2, 'MultiFruit 81', 'http://showcase.playngo.com/Casino/PlayMobile?pid=2&gid=multifruit81mobile&ctx=AllGames&lang=en_CA&practice=1&ticket=&lobby=http%3A%2F%2Fwww.playngo.com%2FGames', '', 'title-screens/multifruit-81.jpg', 0, 0, '', '2017-06-27 18:56:34'),
(4, 1, 2, 'Adventure Palace', 'https://mobile2.gameassists.co.uk/MobileWebServices_40/Casino/Game/Launch/JackpotCity/adventurePalace/en?isPracticePlay=true&lobbyurl=&xmanEndPoints=https://xplay2.gameassists.co.uk/XMan/x.x&bankingURL=&loginType=fullUPE&is', '', 'title-screens/adventure-palace.jpg', 0, 0, '', '2017-06-27 20:26:39'),
(5, 1, 2, 'Age Of Discovery', 'https://mobile2.gameassists.co.uk/MobileWebServices_40/Casino/Game/Launch/JackpotCity/ageOfDiscovery/en?isPracticePlay=true&lobbyurl=&xmanEndPoints=https://xplay2.gameassists.co.uk/XMan/x.x&bankingURL=&loginType=fullUPE&isRGI=true', '', 'title-screens/age-of-discovery.jpg', 0, 0, '', '2017-06-27 20:27:26'),
(6, 1, 2, 'Agent Jane Blonde', 'https://mobile2.gameassists.co.uk/MobileWebServices_40/Casino/Game/Launch/JackpotCity/agentJaneBlonde/en?isPracticePlay=true&lobbyurl=&xmanEndPoints=https://xplay2.gameassists.co.uk/XMan/x.x&bankingURL=&loginType=fullUPE&isRGI=true', '', 'title-screens/agent-jane-blonde.jpg', 0, 0, '', '2017-06-27 20:28:26'),
(7, 1, 2, 'Ariana', 'https://mobile2.gameassists.co.uk/MobileWebServices_40/Casino/Game/Launch/JackpotCity/ariana/en?isPracticePlay=true&lobbyurl=&xmanEndPoints=https://xplay2.gameassists.co.uk/XMan/x.x&bankingURL=&loginType=fullUPE&isRGI=true', '', 'title-screens/ariana.jpg', 0, 0, '', '2017-06-27 20:30:48'),
(8, 1, 2, 'Alaskan Fishing', 'https://mobile2.gameassists.co.uk/MobileWebServices_40/Casino/Game/Launch/JackpotCity/alaskanFishing/en?isPracticePlay=true&lobbyurl=&xmanEndPoints=https://xplay2.gameassists.co.uk/XMan/x.x&bankingURL=&loginType=fullUPE&isRGI=true\r\n', '', 'title-screens/alaskan-fishing.jpg', 0, 0, '', '2017-06-27 20:30:48'),
(9, 1, 2, 'Asian Beauty', 'https://mobile2.gameassists.co.uk/MobileWebServices_40/Casino/Game/Launch/JackpotCity/asianBeauty/en?isPracticePlay=true&lobbyurl=&xmanEndPoints=https://xplay2.gameassists.co.uk/XMan/x.x&bankingURL=&loginType=fullUPE&isRGI=true\r\n', '', 'title-screens/asian-beauty.jpg', 0, 0, '', '2017-06-27 20:32:57'),
(10, 1, 2, 'Avalon', 'https://mobile2.gameassists.co.uk/MobileWebServices_40/Casino/Game/Launch/JackpotCity/avalon/en?isPracticePlay=true&lobbyurl=&xmanEndPoints=https://xplay2.gameassists.co.uk/XMan/x.x&bankingURL=&loginType=fullUPE&isRGI=true\r\n', '', 'title-screens/avalon.jpg', 0, 0, '', '2017-06-27 20:32:57'),
(12, 1, 2, 'Big Kahuna', 'https://mobile2.gameassists.co.uk/MobileWebServices_40/Casino/Game/Launch/JackpotCity/bigKahuna/en?isPracticePlay=true&lobbyurl=&xmanEndPoints=https://xplay2.gameassists.co.uk/XMan/x.x&bankingURL=&loginType=fullUPE&isRGI=true\r\n', '', 'title-screens/big-kahuna.jpg', 0, 0, '', '2017-06-27 20:36:27'),
(13, 1, 2, 'Big Top', 'https://mobile2.gameassists.co.uk/MobileWebServices_40/Casino/Game/Launch/JackpotCity/bigTop/en?isPracticePlay=true&lobbyurl=&xmanEndPoints=https://xplay2.gameassists.co.uk/XMan/x.x&bankingURL=&loginType=fullUPE&isRGI=true\r\n', '', 'title-screens/big-top.jpg', 0, 0, '', '2017-06-27 20:36:27'),
(14, 1, 2, 'Bikini Party', 'https://mobile2.gameassists.co.uk/MobileWebServices_40/Casino/Game/Launch/JackpotCity/bikiniParty/en?isPracticePlay=true&lobbyurl=&xmanEndPoints=https://xplay2.gameassists.co.uk/XMan/x.x&bankingURL=&loginType=fullUPE&isRGI=true\r\n', '', 'title-screens/bikini-party.jpg', 0, 0, '', '2017-06-27 20:40:43'),
(15, 1, 2, 'Break Away', 'https://mobile2.gameassists.co.uk/MobileWebServices_40/Casino/Game/Launch/JackpotCity/breakAway/en?isPracticePlay=true&lobbyurl=&xmanEndPoints=https://xplay2.gameassists.co.uk/XMan/x.x&bankingURL=&loginType=fullUPE&isRGI=true\r\n', '', 'title-screens/break-away.jpg', 0, 0, '', '2017-06-27 20:40:43'),
(16, 1, 2, 'Break da Bank', 'https://mobile2.gameassists.co.uk/MobileWebServices_40/Casino/Game/Launch/JackpotCity/breakDaBank/en?isPracticePlay=true&lobbyurl=&xmanEndPoints=https://xplay2.gameassists.co.uk/XMan/x.x&bankingURL=&loginType=fullUPE&isRGI=true\r\n', '', 'title-screens/break-da-bank.jpg', 0, 0, '', '2017-06-27 20:41:52'),
(17, 1, 2, 'Break da Bank Again', 'https://mobile2.gameassists.co.uk/MobileWebServices_40/Casino/Game/Launch/JackpotCity/breakDaBankAgain/en?isPracticePlay=true&lobbyurl=&xmanEndPoints=https://xplay2.gameassists.co.uk/XMan/x.x&bankingURL=&loginType=fullUPE&isRGI=true\r\n', '', 'title-screens/break-da-bank-again.jpg', 0, 0, '', '2017-06-27 20:41:52'),
(18, 1, 2, 'Bridesmaids', 'https://mobile2.gameassists.co.uk/MobileWebServices_40/Casino/Game/Launch/JackpotCity/bridesmaids/en?isPracticePlay=true&lobbyurl=&xmanEndPoints=https://xplay2.gameassists.co.uk/XMan/x.x&bankingURL=&loginType=fullUPE&isRGI=true\r\n', '', 'title-screens/bridesmaids.jpg', 0, 0, '', '2017-06-27 20:43:03'),
(19, 1, 2, 'Burning Desire', 'https://mobile2.gameassists.co.uk/MobileWebServices_40/Casino/Game/Launch/JackpotCity/burningDesire/en?isPracticePlay=true&lobbyurl=&xmanEndPoints=https://xplay2.gameassists.co.uk/XMan/x.x&bankingURL=&loginType=fullUPE&isRGI=true\r\n', '', 'title-screens/burning-desire.jpg', 0, 0, '', '2017-06-27 20:47:28'),
(20, 1, 2, 'Bush Telegraph', 'https://mobile2.gameassists.co.uk/MobileWebServices_40/Casino/Game/Launch/JackpotCity/bushTelegraph/en?isPracticePlay=true&lobbyurl=&xmanEndPoints=https://xplay2.gameassists.co.uk/XMan/x.x&bankingURL=&loginType=fullUPE&isRGI=true\r\n', '', 'title-screens/bush-telegraph.jpg', 0, 0, '', '2017-06-27 20:47:28'),
(21, 1, 2, 'Carnaval', 'https://mobile2.gameassists.co.uk/MobileWebServices_40/Casino/Game/Launch/JackpotCity/carnaval/en?isPracticePlay=true&lobbyurl=&xmanEndPoints=https://xplay2.gameassists.co.uk/XMan/x.x&bankingURL=&loginType=fullUPE&isRGI=true\r\n', '', 'title-screens/carnaval.jpg', 0, 0, '', '2017-06-27 20:49:39'),
(22, 1, 2, 'Cash Splash 5 Reel ', 'https://mobile2.gameassists.co.uk/MobileWebServices_40/Casino/Game/Launch/JackpotCity/cashSplash/en?isPracticePlay=true&lobbyurl=&xmanEndPoints=https://xplay2.gameassists.co.uk/XMan/x.x&bankingURL=&loginType=fullUPE&isRGI=true\r\n', '', 'title-screens/cashsplash-5-reel.jpg', 0, 0, '', '2017-06-27 20:49:39'),
(23, 1, 2, 'Cashapillar', 'https://mobile2.gameassists.co.uk/MobileWebServices_40/Casino/Game/Launch/JackpotCity/cashapillar/en?isPracticePlay=true&lobbyurl=&xmanEndPoints=https://xplay2.gameassists.co.uk/XMan/x.x&bankingURL=&loginType=fullUPE&isRGI=true\r\n', '', 'title-screens/cashapillar.jpg', 0, 0, '', '2017-06-27 20:52:43'),
(24, 1, 2, 'Cashville', 'https://mobile2.gameassists.co.uk/MobileWebServices_40/Casino/Game/Launch/JackpotCity/cashVille/en?isPracticePlay=true&lobbyurl=&xmanEndPoints=https://xplay2.gameassists.co.uk/XMan/x.x&bankingURL=&loginType=fullUPE&isRGI=true\r\n', '', 'title-screens/cashville.jpg', 0, 0, '', '2017-06-27 20:52:43'),
(25, 1, 2, 'Centre Court', 'https://mobile2.gameassists.co.uk/MobileWebServices_40/Casino/Game/Launch/JackpotCity/centreCourt/en?isPracticePlay=true&lobbyurl=&xmanEndPoints=https://xplay2.gameassists.co.uk/XMan/x.x&bankingURL=&loginType=fullUPE&isRGI=true\r\n', '', 'title-screens/centre-court.jpg', 0, 0, '', '2017-06-27 20:52:43'),
(26, 1, 2, 'Cool Wolf', 'https://mobile2.gameassists.co.uk/MobileWebServices_40/Casino/Game/Launch/JackpotCity/coolWolf/en?isPracticePlay=true&lobbyurl=&xmanEndPoints=https://xplay2.gameassists.co.uk/XMan/x.x&bankingURL=&loginType=fullUPE&isRGI=true\r\n', '', 'title-screens/cool-wolf.jpg', 0, 0, '', '2017-06-27 20:52:43'),
(27, 1, 2, 'Couch Potato', 'https://mobile2.gameassists.co.uk/MobileWebServices_40/Casino/Game/Launch/JackpotCity/couchPotato/en?isPracticePlay=true&lobbyurl=&xmanEndPoints=https://xplay2.gameassists.co.uk/XMan/x.x&bankingURL=&loginType=fullUPE&isRGI=true\r\n', '', 'title-screens/couch-potato.jpg', 0, 0, '', '2017-06-27 20:52:43'),
(28, 1, 2, 'Cricket Star ', 'https://mobile2.gameassists.co.uk/MobileWebServices_40/Casino/Game/Launch/JackpotCity/cricketStar/en?isPracticePlay=true&lobbyurl=&xmanEndPoints=https://xplay2.gameassists.co.uk/XMan/x.x&bankingURL=&loginType=fullUPE&isRGI=true\r\n', '', 'title-screens/cricket-star.jpg', 0, 0, '', '2017-06-27 21:03:18'),
(29, 1, 2, 'Deck The Halls', 'https://mobile2.gameassists.co.uk/MobileWebServices_40/Casino/Game/Launch/JackpotCity/deckTheHalls/en?isPracticePlay=true&lobbyurl=&xmanEndPoints=https://xplay2.gameassists.co.uk/XMan/x.x&bankingURL=&loginType=fullUPE&isRGI=true\r\n', '', 'title-screens/deck-the-halls.jpg', 0, 0, '', '2017-06-27 21:03:18'),
(30, 1, 2, 'Dragon Dance', 'https://mobile2.gameassists.co.uk/MobileWebServices_40/Casino/Game/Launch/JackpotCity/dragonDance/en?isPracticePlay=true&lobbyurl=&xmanEndPoints=https://xplay2.gameassists.co.uk/XMan/x.x&bankingURL=&loginType=fullUPE&isRGI=true\r\n', '', 'title-screens/dragon-dance.jpg', 0, 0, '', '2017-06-27 21:03:18'),
(31, 1, 2, 'Dragons Myth', 'https://mobile2.gameassists.co.uk/MobileWebServices_40/Casino/Game/Launch/JackpotCity/dragonsMyth/en?isPracticePlay=true&lobbyurl=&xmanEndPoints=https://xplay2.gameassists.co.uk/XMan/x.x&bankingURL=&loginType=fullUPE&isRGI=true\r\n', '', 'title-screens/dragons-myth.jpg', 0, 0, '', '2017-06-27 21:03:18'),
(32, 1, 2, 'Dragonz', 'https://mobile2.gameassists.co.uk/MobileWebServices_40/Casino/Game/Launch/JackpotCity/dragonz/en?isPracticePlay=true&lobbyurl=&xmanEndPoints=https://xplay2.gameassists.co.uk/XMan/x.x&bankingURL=&loginType=fullUPE&isRGI=true\r\n', '', 'title-screens/dragonz.jpg', 0, 0, '', '2017-06-27 21:03:18'),
(33, 1, 2, 'Eagles Wings', 'https://mobile2.gameassists.co.uk/MobileWebServices_40/Casino/Game/Launch/JackpotCity/eaglesWings/en?isPracticePlay=true&lobbyurl=&xmanEndPoints=https://xplay2.gameassists.co.uk/XMan/x.x&bankingURL=&loginType=fullUPE&isRGI=true\r\n', '', 'title-screens/eagles-wings.jpg', 0, 0, '', '2017-06-27 21:03:18'),
(34, 1, 2, 'Football Star', 'https://mobile2.gameassists.co.uk/MobileWebServices_40/Casino/Game/Launch/JackpotCity/footballStar/en?isPracticePlay=true&lobbyurl=&xmanEndPoints=https://xplay2.gameassists.co.uk/XMan/x.x&bankingURL=&loginType=fullUPE&isRGI=true\r\n', '', 'title-screens/football-star.jpg', 0, 0, '', '2017-06-27 21:03:18'),
(35, 1, 2, 'Game of Thrones - Lines', 'https://mobile2.gameassists.co.uk/MobileWebServices_40/Casino/Game/Launch/JackpotCity/gameOfThrones_Lines/en?isPracticePlay=true&lobbyurl=&xmanEndPoints=https://xplay2.gameassists.co.uk/XMan/x.x&bankingURL=&loginType=fullUPE&isRGI=true\r\n', '', 'title-screens/game-of-thrones.jpg', 0, 0, '', '2017-06-27 21:03:18'),
(36, 1, 2, 'Game of Thrones - 243 Ways', 'https://mobile2.gameassists.co.uk/MobileWebServices_40/Casino/Game/Launch/JackpotCity/gameOfThrones_Ways/en?isPracticePlay=true&lobbyurl=&xmanEndPoints=https://xplay2.gameassists.co.uk/XMan/x.x&bankingURL=&loginType=fullUPE&isRGI=true\r\n', '', 'title-screens/game-of-thrones---243-ways.jpg', 0, 0, '', '2017-06-27 21:03:18'),
(37, 1, 2, 'Golden Era', 'https://mobile2.gameassists.co.uk/MobileWebServices_40/Casino/Game/Launch/JackpotCity/goldenEra/en?isPracticePlay=true&lobbyurl=&xmanEndPoints=https://xplay2.gameassists.co.uk/XMan/x.x&bankingURL=&loginType=fullUPE&isRGI=true\r\n', '', 'title-screens/golden-era.jpg', 0, 0, '', '2017-06-27 21:03:18'),
(38, 1, 2, 'Halloweenies', 'https://mobile2.gameassists.co.uk/MobileWebServices_40/Casino/Game/Launch/JackpotCity/halloweenies/en?isPracticePlay=true&lobbyurl=&xmanEndPoints=https://xplay2.gameassists.co.uk/XMan/x.x&bankingURL=&loginType=fullUPE&isRGI=true\r\n', '', 'title-screens/halloweenies.jpg', 0, 0, '', '2017-06-27 21:03:18'),
(39, 1, 2, 'Happy Holidays', 'https://mobile2.gameassists.co.uk/MobileWebServices_40/Casino/Game/Launch/JackpotCity/happyHolidays/en?isPracticePlay=true&lobbyurl=&xmanEndPoints=https://xplay2.gameassists.co.uk/XMan/x.x&bankingURL=&loginType=fullUPE&isRGI=true\r\n', '', 'title-screens/happy-holidays.jpg', 0, 0, '', '2017-06-27 21:03:18'),
(40, 1, 2, 'Harveys', 'https://mobile2.gameassists.co.uk/MobileWebServices_40/Casino/Game/Launch/JackpotCity/harveys/en?isPracticePlay=true&lobbyurl=&xmanEndPoints=https://xplay2.gameassists.co.uk/XMan/x.x&bankingURL=&loginType=fullUPE&isRGI=true\r\n', '', 'title-screens/harveys.jpg', 0, 0, '', '2017-06-27 21:03:18'),
(41, 1, 2, 'High Society', 'https://mobile2.gameassists.co.uk/MobileWebServices_40/Casino/Game/Launch/JackpotCity/highSociety/en?isPracticePlay=true&lobbyurl=&xmanEndPoints=https://xplay2.gameassists.co.uk/XMan/x.x&bankingURL=&loginType=fullUPE&isRGI=true\r\n', '', 'title-screens/high-society.jpg', 0, 0, '', '2017-06-27 21:03:18'),
(42, 1, 2, 'Hitman', 'https://mobile2.gameassists.co.uk/MobileWebServices_40/Casino/Game/Launch/JackpotCity/hitman/en?isPracticePlay=true&lobbyurl=&xmanEndPoints=https://xplay2.gameassists.co.uk/XMan/x.x&bankingURL=&loginType=fullUPE&isRGI=true\r\n', '', 'title-screens/hitman.jpg', 0, 0, '', '2017-06-27 21:03:18'),
(43, 1, 2, 'Immortal Romance', 'https://mobile2.gameassists.co.uk/MobileWebServices_40/Casino/Game/Launch/JackpotCity/ImmortalRomance/en?isPracticePlay=true&lobbyurl=&xmanEndPoints=https://xplay2.gameassists.co.uk/XMan/x.x&bankingURL=&loginType=fullUPE&isRGI=true\r\n', '', 'title-screens/immortal-romance.jpg', 0, 0, '', '2017-06-27 21:14:21'),
(44, 4, 2, 'Pimped', 'http://showcase.playngo.com/Casino/PlayMobile?pid=2&gid=pimpedmobile&ctx=AllGames&lang=en_GB&practice=1&ticket=&lobby=http%3A%2F%2Fwww.playngo.com%2FGames', '', 'title-screens/pimped.jpg', 0, 0, '', '2017-06-27 21:14:21'),
(45, 2, 2, 'Starburst', 'https://cherrytech-static.casinomodule.com/games/starburst_mobile_html/game/starburst_mobile_html.xhtml?gameId=starburst_mobile_html_sw&lobbyURL=https://mobile.cherrycasino.com/game/netent-starburst-mobile&lang=en&server=https://cherrytech-game.casinomodule.com/&operatorId=cherrytech&sessId=DEMO-16491930c3-CAD', '', 'title-screens/starburst.jpg', 0, 0, '', '2017-06-27 21:23:41'),
(46, 2, 2, 'Gonzo''s Quest', 'https://cherrytech-static.casinomodule.com/games/eldorado_mobile_html/game/eldorado_mobile_html.xhtml?gameId=eldorado_mobile_html_sw&lobbyURL=https://mobile.cherrycasino.com/game/netent-gonzos-quest-mobile&lang=en&server=https://cherrytech-game.casinomodule.com/&operatorId=cherrytech&sessId=DEMO-f07e3c6f72-CAD', '', 'title-screens/gonzos-quest.jpg', 0, 0, '', '2017-06-27 21:25:46'),
(47, 2, 2, 'Blood Suckers', 'https://cherrytech-static.casinomodule.com/games/bloodsuckers_mobile_html/game/bloodsuckers_mobile_html.xhtml?gameId=bloodsuckers_mobile_html_sw&lobbyURL=https://mobile.cherrycasino.com/game/netent-blood-suckers-mobile&lang=en&server=https://cherrytech-game.casinomodule.com/&operatorId=cherrytech&sessId=DEMO-46f951b115-CAD', '', 'title-screens/blood-suckers.jpg', 0, 0, '', '2017-06-27 21:28:33'),
(48, 2, 2, 'Jack Hammer', 'https://cherrytech-static.casinomodule.com/games/jackhammer2_mobile_html/game/jackhammer2_mobile_html.xhtml?gameId=jackhammer2_mobile_html_sw&lobbyURL=https://mobile.cherrycasino.com/game/netent-jackhammer2-mobile&lang=en&server=https://cherrytech-game.casinomodule.com/&operatorId=cherrytech&sessId=DEMO-193036fd6f-EUR', '', 'title-screens/jack-hammer.jpg', 0, 0, '', '2017-06-27 21:28:33'),
(49, 2, 2, 'Fruit Shop', 'https://cherrytech-static.casinomodule.com/games/fruitshop_mobile_html/game/fruitshop_mobile_html.xhtml?gameId=fruitshop_mobile_html_sw&lobbyURL=https://mobile.cherrycasino.com/game/netent-fruitshop-mobile&lang=en&server=https://cherrytech-game.casinomodule.com/&operatorId=cherrytech&sessId=DEMO-8ddc473690-CAD', '', 'title-screens/fruit-shop.jpg', 0, 0, '', '2017-06-27 21:32:52'),
(50, 2, 2, 'Guns N'' Roses', 'https://cherrytech-static.casinomodule.com/games/gunsnroses_mobile_html/game/gunsnroses_mobile_html.xhtml?gameId=gunsnroses_mobile_html_sw&lobbyURL=https://mobile.cherrycasino.com/game/netent-guns-n-roses-mobile&lang=en&server=https://cherrytech-game.casinomodule.com/&operatorId=cherrytech&sessId=DEMO-bec61b993e-EUR', '', 'title-screens/guns-n-roses.jpg', 0, 0, '', '2017-06-27 21:32:52'),
(51, 2, 2, 'Neon Staxx', 'https://cherrytech-static.casinomodule.com/games/neonstaxx_mobile_html/game/neonstaxx_mobile_html.xhtml?gameId=neonstaxx_mobile_html_sw&lobbyURL=https://mobile.cherrycasino.com/game/netent-neon-staxx-mobile&lang=en&server=https://cherrytech-game.casinomodule.com/&operatorId=cherrytech&sessId=DEMO-4f90746155-CAD', '', 'title-screens/neon-staxx.jpg', 0, 0, '', '2017-06-27 21:34:05'),
(52, 2, 2, 'Jimi Hendrix', 'https://cherrytech-static.casinomodule.com/games/jimihendrix_mobile_html/game/jimihendrix_mobile_html.xhtml?gameId=jimihendrix_mobile_html_sw&lobbyURL=https://mobile.cherrycasino.com/game/netent-jimi-hendrix-mobile&lang=en&server=https://cherrytech-game.casinomodule.com/&operatorId=cherrytech&sessId=DEMO-7dbdb79e65-EUR', '', 'title-screens/jimi-hendrix.jpg', 0, 0, '', '2017-06-27 21:34:05'),
(53, 1, 2, 'Jungle Jim', 'https://mobile2.gameassists.co.uk/MobileWebServices_40/Casino/Game/Launch/JackpotCity/JungleJim/en?isPracticePlay=true&lobbyurl=&xmanEndPoints=https://xplay2.gameassists.co.uk/XMan/x.x&bankingURL=&loginType=fullUPE&isRGI=true\r\n', '', 'title-screens/jungle-jim.jpg', 0, 0, '', '2017-06-28 03:49:24'),
(54, 1, 2, 'Karaoke Party', 'https://mobile2.gameassists.co.uk/MobileWebServices_40/Casino/Game/Launch/JackpotCity/KaraokeParty/en?isPracticePlay=true&lobbyurl=&xmanEndPoints=https://xplay2.gameassists.co.uk/XMan/x.x&bankingURL=&loginType=fullUPE&isRGI=true\r\n', '', 'title-screens/karaoke-party.jpg', 0, 0, '', '2017-06-28 03:51:03'),
(55, 1, 2, 'Kathmandu', 'https://mobile2.gameassists.co.uk/MobileWebServices_40/Casino/Game/Launch/JackpotCity/kathmandu/en?isPracticePlay=true&lobbyurl=&xmanEndPoints=https://xplay2.gameassists.co.uk/XMan/x.x&bankingURL=&loginType=fullUPE&isRGI=true\r\n', '', 'title-screens/kathmandu.jpg', 0, 0, '', '2017-06-28 03:51:03'),
(56, 1, 2, 'Kings of Cash', 'https://mobile2.gameassists.co.uk/MobileWebServices_40/Casino/Game/Launch/JackpotCity/kingsOfCash/en?isPracticePlay=true&lobbyurl=&xmanEndPoints=https://xplay2.gameassists.co.uk/XMan/x.x&bankingURL=&loginType=fullUPE&isRGI=true\r\n', '', 'title-screens/kings-of-cash.jpg', 0, 0, '', '2017-06-28 03:52:05'),
(57, 1, 2, 'Ladies Nite', 'https://mobile2.gameassists.co.uk/MobileWebServices_40/Casino/Game/Launch/JackpotCity/ladiesNite/en?isPracticePlay=true&lobbyurl=&xmanEndPoints=https://xplay2.gameassists.co.uk/XMan/x.x&bankingURL=&loginType=fullUPE&isRGI=true\r\n', '', 'title-screens/ladies-nite.jpg', 0, 0, '', '2017-06-28 03:52:05'),
(58, 1, 2, 'Life Of Riches', 'https://mobile2.gameassists.co.uk/MobileWebServices_40/Casino/Game/Launch/JackpotCity/ladiesNite/en?isPracticePlay=true&lobbyurl=&xmanEndPoints=https://xplay2.gameassists.co.uk/XMan/x.x&bankingURL=&loginType=fullUPE&isRGI=true\r\n', '', 'title-screens/life-of-riches.jpg', 0, 0, '', '2017-06-28 03:52:52'),
(59, 1, 2, 'Loaded', 'https://mobile2.gameassists.co.uk/MobileWebServices_40/Casino/Game/Launch/JackpotCity/loaded/en?isPracticePlay=true&lobbyurl=&xmanEndPoints=https://xplay2.gameassists.co.uk/XMan/x.x&bankingURL=&loginType=fullUPE&isRGI=true\r\n', '', 'title-screens/loaded.jpg', 0, 0, '', '2017-06-28 03:54:20'),
(60, 1, 2, 'Lost Vegas', 'https://mobile2.gameassists.co.uk/MobileWebServices_40/Casino/Game/Launch/JackpotCity/LostVegas/en?isPracticePlay=true&lobbyurl=&xmanEndPoints=https://xplay2.gameassists.co.uk/XMan/x.x&bankingURL=&loginType=fullUPE&isRGI=true\r\n', '', 'title-screens/lost-vegas.jpg', 0, 0, '', '2017-06-28 03:54:20'),
(61, 1, 2, 'Lucky Koi', 'https://mobile2.gameassists.co.uk/MobileWebServices_40/Casino/Game/Launch/JackpotCity/luckyKoi/en?isPracticePlay=true&lobbyurl=&xmanEndPoints=https://xplay2.gameassists.co.uk/XMan/x.x&bankingURL=&loginType=fullUPE&isRGI=true\r\n', '', 'title-screens/lucky-koi.jpg', 0, 0, '', '2017-06-28 03:55:36'),
(62, 1, 2, 'Lucky Leprechaun', 'https://mobile2.gameassists.co.uk/MobileWebServices_40/Casino/Game/Launch/JackpotCity/luckyLeprechaun/en?isPracticePlay=true&lobbyurl=&xmanEndPoints=https://xplay2.gameassists.co.uk/XMan/x.x&bankingURL=&loginType=fullUPE&isRGI=true\r\n', '', 'title-screens/lucky-leprechaun.jpg', 0, 0, '', '2017-06-28 03:55:36'),
(63, 1, 2, 'Mad Hatters', 'https://mobile2.gameassists.co.uk/MobileWebServices_40/Casino/Game/Launch/JackpotCity/madHatters/en?isPracticePlay=true&lobbyurl=&xmanEndPoints=https://xplay2.gameassists.co.uk/XMan/x.x&bankingURL=&loginType=fullUPE&isRGI=true\r\n', '', 'title-screens/mad-hatters.jpg', 0, 0, '', '2017-06-28 03:56:54'),
(64, 1, 2, 'Major Millions 5 Reel', 'https://mobile2.gameassists.co.uk/MobileWebServices_40/Casino/Game/Launch/JackpotCity/majorMillions/en?isPracticePlay=true&lobbyurl=&xmanEndPoints=https://xplay2.gameassists.co.uk/XMan/x.x&bankingURL=&loginType=fullUPE&isRGI=true\r\n', '', 'title-screens/major-millions.jpg', 0, 0, '', '2017-06-28 03:56:54'),
(65, 1, 2, 'Mayan Princess', 'https://mobile2.gameassists.co.uk/MobileWebServices_40/Casino/Game/Launch/JackpotCity/mayanPrincess/en?isPracticePlay=true&lobbyurl=&xmanEndPoints=https://xplay2.gameassists.co.uk/XMan/x.x&bankingURL=&loginType=fullUPE&isRGI=true', '', 'title-screens/mayan-princess-video-slot.jpg', 0, 0, '', '2017-06-28 04:01:24'),
(66, 1, 2, 'Mermaids Millions', 'https://mobile2.gameassists.co.uk/MobileWebServices_40/Casino/Game/Launch/JackpotCity/mermaidsMillions/en?isPracticePlay=true&lobbyurl=&xmanEndPoints=https://xplay2.gameassists.co.uk/XMan/x.x&bankingURL=&loginType=fullUPE&isRGI=true\r\n', '', 'title-screens/mermaids-millions.jpg', 0, 0, '', '2017-06-28 04:01:24'),
(67, 1, 2, 'Mystic Dreams', 'https://mobile2.gameassists.co.uk/MobileWebServices_40/Casino/Game/Launch/JackpotCity/mysticDreams/en?isPracticePlay=true&lobbyurl=&xmanEndPoints=https://xplay2.gameassists.co.uk/XMan/x.x&bankingURL=&loginType=fullUPE&isRGI=true', '', 'title-screens/mystic-dreams.jpg', 0, 0, '', '2017-06-28 04:03:19'),
(68, 1, 2, 'Pretty Kitty', 'https://mobile2.gameassists.co.uk/MobileWebServices_40/Casino/Game/Launch/JackpotCity/prettyKitty/en?isPracticePlay=true&lobbyurl=&xmanEndPoints=https://xplay2.gameassists.co.uk/XMan/x.x&bankingURL=&loginType=fullUPE&isRGI=true\r\n', '', 'title-screens/pretty-kitty.jpg', 0, 0, '', '2017-06-28 04:03:19'),
(70, 1, 2, 'Reel Spinner', 'https://mobile2.gameassists.co.uk/MobileWebServices_40/Casino/Game/Launch/JackpotCity/reelSPinner/en?isPracticePlay=true&lobbyurl=&xmanEndPoints=https://xplay2.gameassists.co.uk/XMan/x.x&bankingURL=&loginType=fullUPE&isRGI=true\r\n', '', 'title-screens/reel-spinner.jpg', 0, 0, '', '2017-06-28 04:07:35'),
(71, 1, 2, 'Reel Thunder', 'https://mobile2.gameassists.co.uk/MobileWebServices_40/Casino/Game/Launch/JackpotCity/reelThunder/en?isPracticePlay=true&lobbyurl=&xmanEndPoints=https://xplay2.gameassists.co.uk/XMan/x.x&bankingURL=&loginType=fullUPE&isRGI=true\r\n', '', 'title-screens/reel-thunder.jpg', 0, 0, '', '2017-06-28 04:07:35'),
(72, 1, 2, 'Rhyming Reels - Georgie Porgie', 'https://mobile2.gameassists.co.uk/MobileWebServices_40/Casino/Game/Launch/JackpotCity/rhymingReelsGeorgiePorgie/en?isPracticePlay=true&lobbyurl=&xmanEndPoints=https://xplay2.gameassists.co.uk/XMan/x.x&bankingURL=&loginType=fullUPE&isRGI=true\r\n', '', 'title-screens/rhyming-reels---georgie-porgie.jpg', 0, 0, '', '2017-06-28 04:09:00'),
(73, 1, 2, 'Riviera Riches', 'https://mobile2.gameassists.co.uk/MobileWebServices_40/Casino/Game/Launch/JackpotCity/rivieraRiches/en?isPracticePlay=true&lobbyurl=&xmanEndPoints=https://xplay2.gameassists.co.uk/XMan/x.x&bankingURL=&loginType=fullUPE&isRGI=true\r\n', '', 'title-screens/riviera-riches.jpg', 0, 0, '', '2017-06-28 04:09:00'),
(74, 1, 2, 'Rugby Star', 'https://mobile2.gameassists.co.uk/MobileWebServices_40/Casino/Game/Launch/JackpotCity/rugbyStar/en?isPracticePlay=true&lobbyurl=&xmanEndPoints=https://xplay2.gameassists.co.uk/XMan/x.x&bankingURL=&loginType=fullUPE&isRGI=true\r\n', '', 'title-screens/rugby-star.jpg', 0, 0, '', '2017-06-28 04:09:58'),
(76, 1, 2, 'Secret Admirer', 'https://mobile2.gameassists.co.uk/MobileWebServices_40/Casino/Game/Launch/JackpotCity/secretAdmirer/en?isPracticePlay=true&lobbyurl=&xmanEndPoints=https://xplay2.gameassists.co.uk/XMan/x.x&bankingURL=&loginType=fullUPE&isRGI=true\r\n', '', 'title-screens/secret-admirer.jpg', 0, 0, '', '2017-06-28 04:10:30'),
(77, 1, 2, 'Shoot!', 'https://mobile2.gameassists.co.uk/MobileWebServices_40/Casino/Game/Launch/JackpotCity/shoot/en?isPracticePlay=true&lobbyurl=&xmanEndPoints=https://xplay2.gameassists.co.uk/XMan/x.x&bankingURL=&loginType=fullUPE&isRGI=true\r\n\r\n', '', 'title-screens/shoot!.jpg', 0, 0, '', '2017-06-28 04:12:23'),
(78, 1, 2, 'Win Sum Dim Sum', 'https://mobile2.gameassists.co.uk/MobileWebServices_40/Casino/Game/Launch/JackpotCity/winSumDimSum/en?isPracticePlay=true&lobbyurl=&xmanEndPoints=https://xplay2.gameassists.co.uk/XMan/x.x&bankingURL=&loginType=fullUPE&isRGI=true\r\n', '', 'title-screens/win-sum-dim-sum.jpg', 0, 0, '', '2017-06-28 04:23:04'),
(79, 1, 2, 'Wild Orient', 'https://mobile2.gameassists.co.uk/MobileWebServices_40/Casino/Game/Launch/JackpotCity/wildOrient/en?isPracticePlay=true&lobbyurl=&xmanEndPoints=https://xplay2.gameassists.co.uk/XMan/x.x&bankingURL=&loginType=fullUPE&isRGI=true\r\n', '', 'title-screens/wild-orient.jpg', 0, 0, '', '2017-06-28 04:23:04'),
(80, 1, 2, 'What A Hoot', 'https://mobile2.gameassists.co.uk/MobileWebServices_40/Casino/Game/Launch/JackpotCity/whatAHoot/en?isPracticePlay=true&lobbyurl=&xmanEndPoints=https://xplay2.gameassists.co.uk/XMan/x.x&bankingURL=&loginType=fullUPE&isRGI=true\r\n', '', 'title-screens/what-a-hoot.jpg', 0, 0, '', '2017-06-28 04:23:04'),
(81, 1, 2, 'Untamed - Giant Panda', 'https://mobile2.gameassists.co.uk/MobileWebServices_40/Casino/Game/Launch/JackpotCity/untamedGiantPanda/en?isPracticePlay=true&lobbyurl=&xmanEndPoints=https://xplay2.gameassists.co.uk/XMan/x.x&bankingURL=&loginType=fullUPE&isRGI=true\r\n', '', 'title-screens/untamed-giant-panda.jpg', 0, 0, '', '2017-06-28 04:23:04'),
(82, 1, 2, 'Treasure Nile', 'https://mobile2.gameassists.co.uk/MobileWebServices_40/Casino/Game/Launch/JackpotCity/treasureNile/en?isPracticePlay=true&lobbyurl=&xmanEndPoints=https://xplay2.gameassists.co.uk/XMan/x.x&bankingURL=&loginType=fullUPE&isRGI=true\r\n', '', 'title-screens/treasure-nile.jpg', 0, 0, '', '2017-06-28 04:23:04'),
(83, 1, 2, 'Tomb Raider', 'https://mobile2.gameassists.co.uk/MobileWebServices_40/Casino/Game/Launch/JackpotCity/tombRaider/en?isPracticePlay=true&lobbyurl=&xmanEndPoints=https://xplay2.gameassists.co.uk/XMan/x.x&bankingURL=&loginType=fullUPE&isRGI=true\r\n', '', 'title-screens/tomb-raider.jpg', 0, 0, '', '2017-06-28 04:23:04'),
(84, 1, 2, 'Thunderstruck II ', 'https://mobile2.gameassists.co.uk/MobileWebServices_40/Casino/Game/Launch/JackpotCity/thunderstruckII/en?isPracticePlay=true&lobbyurl=&xmanEndPoints=https://xplay2.gameassists.co.uk/XMan/x.x&bankingURL=&loginType=fullUPE&isRGI=true\r\n', '', 'title-screens/thunderstruck-ii.jpg', 0, 0, '', '2017-06-28 04:23:04'),
(85, 1, 2, 'Thunderstruck', 'https://mobile2.gameassists.co.uk/MobileWebServices_40/Casino/Game/Launch/JackpotCity/thunderstruck/en?isPracticePlay=true&lobbyurl=&xmanEndPoints=https://xplay2.gameassists.co.uk/XMan/x.x&bankingURL=&loginType=fullUPE&isRGI=true\r\n', '', 'title-screens/thunderstruck.jpg', 0, 0, '', '2017-06-28 04:23:04'),
(86, 1, 2, 'Twisted Circus', 'https://mobile2.gameassists.co.uk/MobileWebServices_40/Casino/Game/Launch/JackpotCity/theTwistedCircus/en?isPracticePlay=true&lobbyurl=&xmanEndPoints=https://xplay2.gameassists.co.uk/XMan/x.x&bankingURL=&loginType=fullUPE&isRGI=true\r\n', '', 'title-screens/twisted-circus.jpg', 0, 0, '', '2017-06-28 04:23:04'),
(87, 1, 2, 'Tarzan', 'https://mobile2.gameassists.co.uk/MobileWebServices_40/Casino/Game/Launch/JackpotCity/tarzan/en?isPracticePlay=true&lobbyurl=&xmanEndPoints=https://xplay2.gameassists.co.uk/XMan/x.x&bankingURL=&loginType=fullUPE&isRGI=true\r\n', '', 'title-screens/tarzan.jpg', 0, 0, '', '2017-06-28 04:23:04'),
(88, 1, 2, 'Tally Ho', 'https://mobile2.gameassists.co.uk/MobileWebServices_40/Casino/Game/Launch/JackpotCity/tallyHo/en?isPracticePlay=true&lobbyurl=&xmanEndPoints=https://xplay2.gameassists.co.uk/XMan/x.x&bankingURL=&loginType=fullUPE&isRGI=true\r\n', '', 'title-screens/tally-ho.jpg', 0, 0, '', '2017-06-28 04:23:04'),
(89, 1, 2, 'Supe It Up', 'https://mobile2.gameassists.co.uk/MobileWebServices_40/Casino/Game/Launch/JackpotCity/supeItUp/en?isPracticePlay=true&lobbyurl=&xmanEndPoints=https://xplay2.gameassists.co.uk/XMan/x.x&bankingURL=&loginType=fullUPE&isRGI=true\r\n', '', 'title-screens/supe-it-up.jpg', 0, 0, '', '2017-06-28 04:23:04');

-- --------------------------------------------------------

--
-- Table structure for table `gametypes`
--

CREATE TABLE IF NOT EXISTS `gametypes` (
  `id` int(10) NOT NULL AUTO_INCREMENT,
  `name` varchar(100) NOT NULL,
  PRIMARY KEY (`id`)
) ENGINE=MyISAM  DEFAULT CHARSET=utf8 AUTO_INCREMENT=10 ;

--
-- Dumping data for table `gametypes`
--

INSERT INTO `gametypes` (`id`, `name`) VALUES
(1, 'Slots'),
(2, 'Blackjack'),
(3, 'Roulette'),
(4, 'Video Poker'),
(9, 'Miscellaneous'),
(8, 'Table Games');

-- --------------------------------------------------------

--
-- Table structure for table `imagetypes`
--

CREATE TABLE IF NOT EXISTS `imagetypes` (
  `id` int(11) NOT NULL AUTO_INCREMENT,
  `name` varchar(50) NOT NULL,
  `width` int(4) NOT NULL,
  `height` int(4) NOT NULL,
  PRIMARY KEY (`id`)
) ENGINE=InnoDB  DEFAULT CHARSET=latin1 AUTO_INCREMENT=3 ;

--
-- Dumping data for table `imagetypes`
--

INSERT INTO `imagetypes` (`id`, `name`, `width`, `height`) VALUES
(2, 'Regular screenshot', 174, 130);

-- --------------------------------------------------------

--
-- Table structure for table `providers`
--

CREATE TABLE IF NOT EXISTS `providers` (
  `id` int(11) NOT NULL AUTO_INCREMENT,
  `name` varchar(100) NOT NULL,
  PRIMARY KEY (`id`)
) ENGINE=InnoDB  DEFAULT CHARSET=latin1 AUTO_INCREMENT=31 ;

--
-- Dumping data for table `providers`
--

INSERT INTO `providers` (`id`, `name`) VALUES
(1, 'Microgaming'),
(2, 'NetEnt'),
(3, 'Playtech'),
(4, 'IGT'),
(5, 'QuickSpin'),
(6, 'Leander'),
(7, 'Bally'),
(8, '1x2 Gaming'),
(9, 'iSoftBet'),
(10, 'Play N Go'),
(11, 'NYX Gaming'),
(12, 'Viaden'),
(13, 'Cryptologic'),
(14, 'Euro Games'),
(15, 'Aristocrat'),
(16, 'Next Gen Gaming'),
(17, 'Elk Studios'),
(30, 'Netent Canada');

-- --------------------------------------------------------

--
-- Table structure for table `ratings`
--

CREATE TABLE IF NOT EXISTS `ratings` (
  `id` int(10) NOT NULL,
  `num_count` int(10) NOT NULL,
  `average` int(10) NOT NULL
) ENGINE=MyISAM DEFAULT CHARSET=utf8;

--
-- Dumping data for table `ratings`
--

INSERT INTO `ratings` (`id`, `num_count`, `average`) VALUES
(865, 15, 56),
(189, 3, 40),
(915, 101, 56),
(914, 26, 55),
(377, 3, 67),
(863, 12, 43),
(819, 43, 55),
(887, 21, 58),
(913, 45, 62),
(525, 4, 52),
(868, 46, 74),
(877, 37, 66),
(905, 23, 51),
(911, 27, 67),
(342, 18, 76),
(912, 22, 57),
(815, 8, 58),
(882, 46, 52),
(874, 6, 52),
(890, 53, 70),
(907, 38, 57),
(885, 6, 42),
(801, 11, 65),
(480, 5, 50),
(3, 7, 55),
(867, 12, 34),
(213, 3, 63),
(883, 97, 68),
(640, 19, 61),
(799, 22, 65),
(420, 10, 72),
(632, 8, 45),
(616, 1, 40),
(892, 134, 63),
(902, 48, 72),
(908, 21, 59),
(869, 10, 71),
(752, 6, 43),
(64, 4, 68),
(23, 19, 80),
(423, 47, 75),
(418, 9, 64),
(368, 10, 42),
(361, 3, 63),
(360, 14, 76),
(345, 20, 74),
(486, 7, 54),
(776, 13, 73),
(654, 3, 43),
(487, 7, 44),
(623, 10, 59),
(565, 10, 66),
(367, 31, 68),
(14, 15, 73),
(126, 2, 50),
(51, 3, 57),
(356, 2, 35),
(906, 19, 64),
(745, 26, 27),
(777, 18, 53),
(474, 6, 23),
(888, 20, 63),
(881, 27, 60),
(761, 33, 52),
(792, 22, 61),
(736, 3, 70),
(880, 18, 54),
(730, 24, 72),
(901, 32, 61),
(196, 4, 70),
(47, 3, 40),
(772, 3, 43),
(760, 13, 55),
(635, 2, 40),
(864, 7, 61),
(598, 6, 68),
(872, 7, 47),
(910, 20, 62),
(194, 6, 53),
(899, 40, 55),
(891, 13, 61),
(765, 10, 62),
(750, 15, 56),
(639, 14, 82),
(626, 9, 55),
(625, 11, 74),
(469, 7, 66),
(25, 40, 80),
(889, 27, 66),
(886, 76, 55),
(668, 21, 59),
(764, 3, 67),
(866, 9, 44),
(879, 18, 46),
(779, 16, 68),
(375, 3, 70),
(806, 10, 50),
(809, 7, 55),
(878, 16, 54),
(5, 5, 50),
(735, 7, 53),
(359, 2, 55),
(726, 23, 62),
(862, 6, 22),
(344, 17, 77),
(900, 13, 56),
(807, 13, 61),
(909, 45, 62),
(781, 17, 61),
(884, 40, 58),
(755, 4, 52),
(756, 2, 25),
(424, 1, 50),
(812, 12, 61),
(520, 1, 40),
(873, 21, 68),
(676, 4, 42),
(192, 2, 55),
(646, 9, 66),
(207, 2, 55),
(653, 2, 45),
(471, 5, 70),
(475, 12, 22),
(468, 3, 57),
(539, 20, 74),
(482, 5, 48),
(193, 6, 73),
(518, 2, 40),
(32, 5, 68),
(903, 48, 65),
(608, 5, 62),
(607, 6, 65),
(26, 6, 63),
(669, 14, 49),
(671, 5, 68),
(803, 23, 74),
(793, 7, 66),
(738, 7, 74),
(513, 3, 73),
(484, 10, 74),
(36, 2, 60),
(800, 9, 59),
(742, 4, 58),
(138, 1, 10),
(753, 8, 74),
(188, 14, 68),
(330, 5, 54),
(643, 6, 67),
(169, 3, 43),
(167, 3, 53),
(524, 2, 55),
(165, 2, 15),
(168, 2, 20),
(197, 4, 38),
(199, 5, 42),
(538, 1, 60),
(604, 3, 53),
(332, 4, 68),
(871, 3, 33),
(658, 5, 96),
(512, 2, 30),
(511, 1, 30),
(509, 1, 40),
(548, 2, 65),
(674, 22, 60),
(575, 6, 32),
(769, 11, 48),
(795, 19, 68),
(678, 7, 43),
(770, 4, 65),
(744, 9, 67),
(166, 1, 50),
(637, 10, 63),
(636, 2, 30),
(621, 5, 68),
(614, 4, 60),
(592, 9, 76),
(540, 7, 68),
(153, 2, 40),
(532, 3, 60),
(426, 3, 70),
(427, 3, 53),
(202, 5, 62),
(195, 6, 73),
(181, 2, 70),
(61, 4, 47),
(17, 7, 65),
(617, 4, 57),
(585, 7, 65),
(743, 12, 66),
(814, 10, 57),
(49, 4, 65),
(364, 10, 69),
(773, 10, 73),
(412, 7, 63),
(433, 5, 62),
(28, 36, 81),
(186, 7, 63),
(893, 4, 40),
(472, 5, 58),
(27, 8, 71),
(731, 24, 83),
(816, 8, 68),
(515, 2, 55),
(624, 6, 70),
(55, 2, 65),
(10, 8, 68),
(363, 1, 70),
(666, 6, 68),
(747, 8, 69),
(904, 6, 60),
(352, 26, 68),
(175, 4, 55),
(875, 10, 58),
(861, 4, 38),
(748, 8, 51),
(366, 5, 46),
(586, 1, 40),
(767, 12, 61),
(470, 16, 44),
(343, 19, 74),
(584, 3, 70),
(374, 10, 34),
(52, 4, 53),
(206, 2, 30),
(144, 6, 70),
(135, 3, 70),
(54, 3, 73),
(15, 4, 80),
(596, 4, 70),
(775, 7, 66),
(860, 4, 17),
(483, 7, 57),
(633, 5, 46),
(369, 19, 58),
(29, 9, 65),
(561, 4, 70),
(595, 1, 60),
(794, 18, 51),
(157, 1, 40),
(129, 1, 20),
(50, 1, 20),
(21, 12, 54),
(13, 1, 50),
(673, 14, 71),
(570, 28, 61),
(161, 4, 63),
(749, 23, 74),
(409, 6, 63),
(729, 15, 72),
(159, 3, 63),
(414, 4, 40),
(677, 4, 62),
(754, 12, 70),
(870, 4, 68),
(804, 8, 77),
(613, 9, 72),
(2, 11, 60),
(357, 5, 64),
(808, 4, 63),
(797, 5, 40),
(562, 3, 27),
(573, 24, 72),
(545, 4, 62),
(503, 2, 50),
(670, 8, 39),
(473, 2, 60),
(802, 6, 35),
(782, 7, 42),
(737, 7, 33),
(22, 2, 65),
(569, 27, 74),
(411, 6, 78),
(811, 4, 72),
(766, 4, 58),
(783, 3, 23),
(780, 12, 50),
(778, 4, 42),
(774, 2, 25),
(771, 4, 55),
(327, 3, 37),
(768, 2, 50),
(154, 3, 53),
(141, 12, 74),
(663, 8, 72),
(410, 2, 30),
(583, 3, 57),
(589, 13, 77),
(162, 2, 65),
(791, 6, 87),
(675, 14, 74),
(805, 3, 53),
(558, 2, 35),
(550, 2, 10),
(568, 3, 73),
(354, 3, 73),
(355, 8, 70),
(147, 8, 70),
(741, 7, 53),
(796, 6, 73),
(346, 4, 67),
(618, 6, 85),
(340, 5, 62),
(9, 4, 58),
(372, 14, 66),
(373, 2, 15),
(8, 5, 64),
(527, 1, 50),
(732, 1, 90),
(672, 2, 60),
(335, 1, 40),
(201, 1, 40),
(174, 4, 38),
(177, 1, 30),
(40, 2, 20),
(572, 1, 20),
(759, 2, 40),
(757, 4, 57),
(481, 1, 30),
(560, 1, 50),
(505, 10, 84),
(331, 3, 73),
(501, 8, 84),
(798, 2, 25),
(763, 7, 51),
(631, 4, 32),
(57, 1, 20),
(12, 3, 60),
(740, 5, 54),
(431, 11, 58),
(641, 38, 83),
(734, 14, 83),
(139, 5, 42),
(563, 6, 75),
(20, 6, 40),
(531, 2, 60),
(413, 1, 80),
(179, 1, 60),
(130, 5, 38),
(813, 4, 65),
(35, 26, 67),
(24, 7, 71),
(156, 8, 70),
(362, 4, 72),
(506, 2, 65),
(664, 1, 60),
(336, 3, 63),
(574, 4, 68),
(786, 2, 45),
(762, 6, 42),
(160, 1, 70),
(577, 3, 47),
(31, 7, 46),
(553, 2, 65),
(163, 1, 40),
(476, 2, 50),
(183, 1, 60),
(611, 3, 63),
(629, 7, 67),
(810, 3, 70),
(171, 6, 57),
(746, 2, 65),
(417, 2, 15),
(751, 3, 37),
(353, 2, 55),
(164, 2, 35),
(334, 1, 20),
(517, 2, 55),
(634, 3, 40),
(549, 1, 60),
(416, 1, 60),
(18, 7, 97),
(136, 3, 57),
(679, 7, 40),
(329, 2, 60),
(45, 3, 80),
(180, 4, 75),
(415, 5, 58),
(53, 4, 62),
(4, 2, 15),
(339, 4, 80),
(508, 12, 90),
(581, 2, 55),
(567, 3, 73),
(351, 1, 60),
(216, 2, 25),
(11, 5, 66),
(370, 4, 52),
(787, 1, 90),
(333, 2, 45),
(605, 20, 76),
(739, 2, 35),
(127, 53, 80),
(627, 2, 10),
(140, 2, 65),
(143, 2, 40),
(535, 1, 60),
(655, 1, 10),
(645, 7, 87),
(615, 1, 60),
(660, 2, 55),
(628, 1, 10),
(566, 1, 10),
(172, 1, 30),
(204, 1, 40),
(152, 1, 30),
(519, 1, 20),
(173, 3, 60),
(7, 5, 64),
(337, 1, 40),
(214, 3, 70),
(198, 3, 67),
(659, 1, 70),
(187, 2, 50),
(661, 3, 60),
(376, 1, 10),
(190, 1, 50),
(609, 1, 50),
(758, 1, 50),
(630, 2, 20),
(530, 3, 60),
(341, 3, 27),
(961, 9, 62),
(965, 9, 68),
(952, 6, 63),
(921, 9, 61),
(541, 1, 30),
(526, 3, 47),
(37, 1, 10),
(973, 28, 69),
(963, 15, 74),
(942, 50, 43),
(957, 4, 55),
(974, 45, 65),
(969, 15, 73),
(956, 36, 58),
(949, 16, 43),
(953, 4, 55),
(944, 4, 52),
(972, 27, 41),
(970, 12, 42),
(958, 8, 60),
(951, 10, 62),
(943, 6, 27),
(954, 15, 68),
(941, 22, 59),
(946, 10, 55),
(948, 11, 57),
(959, 15, 65),
(964, 6, 55),
(947, 9, 54),
(960, 30, 65),
(30, 2, 60),
(962, 19, 56),
(478, 4, 62),
(955, 8, 44),
(967, 5, 60),
(923, 3, 50),
(111, 1, 90),
(425, 5, 74),
(554, 3, 67),
(571, 7, 47),
(324, 5, 66),
(579, 3, 70),
(350, 1, 30),
(108, 1, 80),
(137, 4, 48),
(938, 1, 60),
(936, 1, 60),
(925, 3, 73),
(1034, 7, 45),
(1066, 45, 61),
(1048, 11, 64),
(1059, 11, 51),
(1038, 23, 77),
(1057, 6, 48),
(1064, 26, 64),
(1044, 8, 53),
(1036, 21, 49),
(1056, 26, 57),
(1046, 6, 62),
(1061, 16, 48),
(1063, 12, 52),
(1054, 11, 54),
(1050, 17, 61),
(1053, 5, 50),
(1051, 6, 60),
(1049, 16, 54),
(1043, 8, 48),
(1040, 8, 40),
(1037, 7, 39),
(1065, 18, 68),
(132, 2, 50),
(1055, 7, 53),
(1018, 7, 64),
(1060, 13, 58),
(981, 2, 65),
(1045, 3, 53),
(1062, 16, 47),
(19, 1, 50),
(1041, 24, 79),
(931, 1, 10),
(348, 2, 65),
(6, 1, 60),
(1032, 4, 50),
(1026, 2, 45),
(920, 8, 73),
(33, 4, 70),
(933, 20, 78),
(1042, 8, 64),
(1047, 10, 67),
(347, 3, 60),
(927, 3, 63),
(937, 36, 80),
(1058, 13, 67),
(1004, 5, 68),
(934, 2, 10),
(918, 2, 60),
(1027, 6, 62),
(1039, 1, 50),
(578, 1, 70),
(371, 5, 66),
(479, 2, 55),
(984, 5, 54),
(986, 2, 50),
(1019, 1, 70),
(1006, 3, 43),
(65, 2, 70),
(378, 1, 60),
(39, 1, 20),
(983, 3, 63),
(940, 2, 40),
(1033, 1, 50),
(1021, 1, 50),
(922, 1, 60),
(929, 1, 70),
(365, 1, 30),
(1020, 4, 38),
(1024, 4, 70),
(979, 6, 68),
(978, 1, 40),
(170, 1, 70),
(1014, 1, 50),
(1012, 1, 60),
(1030, 1, 70),
(158, 1, 90),
(1013, 1, 60),
(1003, 1, 70),
(992, 1, 50),
(988, 1, 50),
(1025, 1, 50),
(83, 2, 80),
(84, 1, 20);

/*!40101 SET CHARACTER_SET_CLIENT=@OLD_CHARACTER_SET_CLIENT */;
/*!40101 SET CHARACTER_SET_RESULTS=@OLD_CHARACTER_SET_RESULTS */;
/*!40101 SET COLLATION_CONNECTION=@OLD_COLLATION_CONNECTION */;
