-- MySQL dump 10.16  Distrib 10.2.19-MariaDB, for debian-linux-gnu (x86_64)
--
-- Host: tasks.db_net_management    Database: onlineslots_ca_site_information
-- ------------------------------------------------------
-- Server version	10.4.8-MariaDB-1:10.4.8+maria~bionic

/*!40101 SET @OLD_CHARACTER_SET_CLIENT=@@CHARACTER_SET_CLIENT */;
/*!40101 SET @OLD_CHARACTER_SET_RESULTS=@@CHARACTER_SET_RESULTS */;
/*!40101 SET @OLD_COLLATION_CONNECTION=@@COLLATION_CONNECTION */;
/*!40101 SET NAMES utf8 */;
/*!40103 SET @OLD_TIME_ZONE=@@TIME_ZONE */;
/*!40103 SET TIME_ZONE='+00:00' */;
/*!40014 SET @OLD_UNIQUE_CHECKS=@@UNIQUE_CHECKS, UNIQUE_CHECKS=0 */;
/*!40014 SET @OLD_FOREIGN_KEY_CHECKS=@@FOREIGN_KEY_CHECKS, FOREIGN_KEY_CHECKS=0 */;
/*!40101 SET @OLD_SQL_MODE=@@SQL_MODE, SQL_MODE='NO_AUTO_VALUE_ON_ZERO' */;
/*!40111 SET @OLD_SQL_NOTES=@@SQL_NOTES, SQL_NOTES=0 */;

--
-- Table structure for table `devices`
--

DROP TABLE IF EXISTS `devices`;
/*!40101 SET @saved_cs_client     = @@character_set_client */;
/*!40101 SET character_set_client = utf8 */;
CREATE TABLE `devices` (
  `device_id` tinyint(4) NOT NULL AUTO_INCREMENT,
  `device_description` varchar(32) COLLATE utf8_bin NOT NULL,
  PRIMARY KEY (`device_id`),
  UNIQUE KEY `device_description_unique` (`device_description`)
) ENGINE=InnoDB AUTO_INCREMENT=10 DEFAULT CHARSET=utf8 COLLATE=utf8_bin;
/*!40101 SET character_set_client = @saved_cs_client */;

--
-- Dumping data for table `devices`
--

LOCK TABLES `devices` WRITE;
/*!40000 ALTER TABLE `devices` DISABLE KEYS */;
INSERT INTO `devices` VALUES (3,'android-mobile'),(7,'android-tablet'),(1,'desktop'),(2,'ios-mobile'),(6,'ios-tablet'),(5,'mobile'),(9,'tablet'),(4,'windows-mobile'),(8,'windows-tablet');
/*!40000 ALTER TABLE `devices` ENABLE KEYS */;
UNLOCK TABLES;

--
-- Table structure for table `feature_names`
--

DROP TABLE IF EXISTS `feature_names`;
/*!40101 SET @saved_cs_client     = @@character_set_client */;
/*!40101 SET character_set_client = utf8 */;
CREATE TABLE `feature_names` (
  `id` int(11) NOT NULL AUTO_INCREMENT,
  `name` varchar(128) COLLATE utf8_bin DEFAULT NULL,
  PRIMARY KEY (`id`)
) ENGINE=InnoDB AUTO_INCREMENT=9 DEFAULT CHARSET=utf8 COLLATE=utf8_bin;
/*!40101 SET character_set_client = @saved_cs_client */;

--
-- Dumping data for table `feature_names`
--

LOCK TABLES `feature_names` WRITE;
/*!40000 ALTER TABLE `feature_names` DISABLE KEYS */;
INSERT INTO `feature_names` VALUES (1,'geo_system'),(2,'winners_feed_system'),(3,'centralise_system'),(4,'free_games_system'),(5,'sports_feed_system'),(6,'jackpots_system'),(7,'search_system'),(8,'breadcrumbs_system');
/*!40000 ALTER TABLE `feature_names` ENABLE KEYS */;
UNLOCK TABLES;

--
-- Table structure for table `group_names`
--

DROP TABLE IF EXISTS `group_names`;
/*!40101 SET @saved_cs_client     = @@character_set_client */;
/*!40101 SET character_set_client = utf8 */;
CREATE TABLE `group_names` (
  `id` int(11) NOT NULL AUTO_INCREMENT,
  `name` varchar(128) COLLATE utf8_bin DEFAULT NULL,
  PRIMARY KEY (`id`),
  UNIQUE KEY `group_name_key_unique` (`name`)
) ENGINE=InnoDB DEFAULT CHARSET=utf8 COLLATE=utf8_bin;
/*!40101 SET character_set_client = @saved_cs_client */;

--
-- Dumping data for table `group_names`
--

LOCK TABLES `group_names` WRITE;
/*!40000 ALTER TABLE `group_names` DISABLE KEYS */;
/*!40000 ALTER TABLE `group_names` ENABLE KEYS */;
UNLOCK TABLES;

--
-- Table structure for table `languages`
--

DROP TABLE IF EXISTS `languages`;
/*!40101 SET @saved_cs_client     = @@character_set_client */;
/*!40101 SET character_set_client = utf8 */;
CREATE TABLE `languages` (
  `language_id` smallint(6) NOT NULL AUTO_INCREMENT,
  `language_description` varchar(64) COLLATE utf8_bin NOT NULL,
  PRIMARY KEY (`language_id`),
  UNIQUE KEY `language_description_unique` (`language_description`)
) ENGINE=InnoDB AUTO_INCREMENT=67 DEFAULT CHARSET=utf8 COLLATE=utf8_bin;
/*!40101 SET character_set_client = @saved_cs_client */;

--
-- Dumping data for table `languages`
--

LOCK TABLES `languages` WRITE;
/*!40000 ALTER TABLE `languages` DISABLE KEYS */;
INSERT INTO `languages` VALUES (22,'af_ZA'),(50,'ar_SA'),(66,'bn_IN'),(64,'cs_CZ'),(14,'da_DK'),(25,'de_AT'),(19,'de_CH'),(3,'de_DE'),(55,'de_LU'),(29,'el_GR'),(27,'en_AU'),(5,'en_CA'),(1,'en_GB'),(30,'en_HK'),(33,'en_IE'),(31,'en_IN'),(35,'en_KE'),(56,'en_MO'),(38,'en_NG'),(37,'en_NZ'),(42,'en_UG'),(4,'en_US'),(23,'en_ZA'),(11,'es_AR'),(43,'es_BO'),(53,'es_CH'),(15,'es_CL'),(44,'es_CO'),(45,'es_EC'),(17,'es_ES'),(16,'es_MX'),(47,'es_PE'),(46,'es_PY'),(48,'es_UY'),(49,'es_VE'),(18,'fi_FI'),(54,'fi_FL'),(28,'fr_BE'),(6,'fr_CA'),(20,'fr_CH'),(2,'fr_FR'),(65,'hi_IN'),(32,'id_ID'),(21,'it_CH'),(12,'it_IT'),(34,'ja_JP'),(39,'ko_KR'),(36,'lb_LU'),(8,'nb_NO'),(51,'nl_BE'),(13,'nl_NL'),(57,'no_NO'),(10,'pl_PL'),(26,'pt_BR'),(9,'pt_PT'),(59,'ru_RU'),(7,'sv_SE'),(61,'th_TH'),(58,'tl_PH'),(41,'tr_TR'),(62,'vi_VN'),(63,'zh_CA'),(40,'zh_Hant_TW'),(60,'zh_TW'),(52,'zn_CA'),(24,'zu_ZA');
/*!40000 ALTER TABLE `languages` ENABLE KEYS */;
UNLOCK TABLES;

--
-- Table structure for table `locations`
--

DROP TABLE IF EXISTS `locations`;
/*!40101 SET @saved_cs_client     = @@character_set_client */;
/*!40101 SET character_set_client = utf8 */;
CREATE TABLE `locations` (
  `location_id` int(11) NOT NULL AUTO_INCREMENT,
  `continent_code` varchar(3) COLLATE utf8_bin DEFAULT NULL,
  `country_code` varchar(3) COLLATE utf8_bin NOT NULL,
  `region_code` varchar(3) COLLATE utf8_bin DEFAULT NULL,
  `city_name` varchar(64) COLLATE utf8_bin DEFAULT NULL,
  PRIMARY KEY (`location_id`),
  UNIQUE KEY `individual_location_uniqueness` (`continent_code`,`country_code`,`region_code`,`city_name`),
  KEY `country_state_lookup_index` (`country_code`,`region_code`)
) ENGINE=InnoDB AUTO_INCREMENT=3882 DEFAULT CHARSET=utf8 COLLATE=utf8_bin;
/*!40101 SET character_set_client = @saved_cs_client */;

--
-- Dumping data for table `locations`
--

LOCK TABLES `locations` WRITE;
/*!40000 ALTER TABLE `locations` DISABLE KEYS */;
INSERT INTO `locations` VALUES (3549,NULL,'51','UA',NULL),(3550,NULL,'53','UA',NULL),(3551,NULL,'56','UA',NULL),(3715,NULL,'AD',NULL,NULL),(1095,NULL,'AD','02',NULL),(1096,NULL,'AD','03',NULL),(1097,NULL,'AD','04',NULL),(1098,NULL,'AD','05',NULL),(1099,NULL,'AD','06',NULL),(1100,NULL,'AD','07',NULL),(1101,NULL,'AD','08',NULL),(3716,NULL,'AE',NULL,NULL),(1102,NULL,'AE','AJ',NULL),(1103,NULL,'AE','AZ',NULL),(1104,NULL,'AE','DU',NULL),(1105,NULL,'AE','FU',NULL),(1106,NULL,'AE','RK',NULL),(1107,NULL,'AE','SH',NULL),(3717,NULL,'AF',NULL,NULL),(1108,NULL,'AF','HER',NULL),(1109,NULL,'AF','KAB',NULL),(1110,NULL,'AF','KAN',NULL),(1111,NULL,'AF','NAN',NULL),(1112,NULL,'AF','WAR',NULL),(1113,NULL,'AF','ZAB',NULL),(3718,NULL,'AG',NULL,NULL),(1114,NULL,'AG','03',NULL),(1115,NULL,'AG','04',NULL),(1116,NULL,'AG','05',NULL),(1117,NULL,'AG','07',NULL),(3719,NULL,'AL',NULL,NULL),(1118,NULL,'AL','01',NULL),(1119,NULL,'AL','02',NULL),(1120,NULL,'AL','03',NULL),(1121,NULL,'AL','04',NULL),(1122,NULL,'AL','05',NULL),(1123,NULL,'AL','06',NULL),(1124,NULL,'AL','07',NULL),(1125,NULL,'AL','08',NULL),(1126,NULL,'AL','09',NULL),(1127,NULL,'AL','10',NULL),(1128,NULL,'AL','11',NULL),(1129,NULL,'AL','12',NULL),(3720,NULL,'AM',NULL,NULL),(1130,NULL,'AM','AG',NULL),(1131,NULL,'AM','AR',NULL),(1132,NULL,'AM','AV',NULL),(1133,NULL,'AM','ER',NULL),(1134,NULL,'AM','GR',NULL),(1135,NULL,'AM','KT',NULL),(1136,NULL,'AM','LO',NULL),(1137,NULL,'AM','SH',NULL),(1138,NULL,'AM','SU',NULL),(1139,NULL,'AM','TV',NULL),(1140,NULL,'AM','VD',NULL),(3721,NULL,'AO',NULL,NULL),(1141,NULL,'AO','BGO',NULL),(1142,NULL,'AO','BGU',NULL),(1143,NULL,'AO','BIE',NULL),(1144,NULL,'AO','CAB',NULL),(1145,NULL,'AO','CCU',NULL),(1146,NULL,'AO','CNN',NULL),(1147,NULL,'AO','CNO',NULL),(1148,NULL,'AO','CUS',NULL),(1149,NULL,'AO','HUA',NULL),(1150,NULL,'AO','HUI',NULL),(1151,NULL,'AO','LNO',NULL),(1152,NULL,'AO','LSU',NULL),(1153,NULL,'AO','LUA',NULL),(1154,NULL,'AO','MAL',NULL),(1155,NULL,'AO','MOX',NULL),(1156,NULL,'AO','NAM',NULL),(1157,NULL,'AO','UIG',NULL),(3722,NULL,'AR',NULL,NULL),(1158,NULL,'AR','A',NULL),(1159,NULL,'AR','B',NULL),(1160,NULL,'AR','C',NULL),(1161,NULL,'AR','D',NULL),(1162,NULL,'AR','E',NULL),(1163,NULL,'AR','F',NULL),(1164,NULL,'AR','G',NULL),(1165,NULL,'AR','H',NULL),(1166,NULL,'AR','J',NULL),(1167,NULL,'AR','K',NULL),(1168,NULL,'AR','L',NULL),(1169,NULL,'AR','M',NULL),(1170,NULL,'AR','N',NULL),(1171,NULL,'AR','P',NULL),(1172,NULL,'AR','Q',NULL),(1173,NULL,'AR','R',NULL),(1174,NULL,'AR','S',NULL),(1175,NULL,'AR','T',NULL),(1176,NULL,'AR','U',NULL),(1177,NULL,'AR','V',NULL),(1178,NULL,'AR','W',NULL),(1179,NULL,'AR','X',NULL),(1180,NULL,'AR','Y',NULL),(1181,NULL,'AR','Z',NULL),(3723,NULL,'AS',NULL,NULL),(1182,NULL,'AS','E',NULL),(3724,NULL,'AT',NULL,NULL),(1183,NULL,'AT','1',NULL),(1184,NULL,'AT','2',NULL),(1185,NULL,'AT','3',NULL),(1186,NULL,'AT','4',NULL),(1187,NULL,'AT','5',NULL),(1188,NULL,'AT','6',NULL),(1189,NULL,'AT','7',NULL),(1190,NULL,'AT','8',NULL),(1191,NULL,'AT','9',NULL),(3725,NULL,'AU',NULL,NULL),(1192,NULL,'AU','ACT',NULL),(1193,NULL,'AU','NSW',NULL),(1194,NULL,'AU','NT',NULL),(1195,NULL,'AU','QLD',NULL),(1196,NULL,'AU','SA',NULL),(1197,NULL,'AU','TAS',NULL),(1198,NULL,'AU','VIC',NULL),(1199,NULL,'AU','WA',NULL),(3726,NULL,'AZ',NULL,NULL),(1200,NULL,'AZ','ABS',NULL),(1201,NULL,'AZ','BA',NULL),(1202,NULL,'AZ','GA',NULL),(1203,NULL,'AZ','GOY',NULL),(1204,NULL,'AZ','LA',NULL),(1205,NULL,'AZ','MI',NULL),(1206,NULL,'AZ','NX',NULL),(1207,NULL,'AZ','OGU',NULL),(1208,NULL,'AZ','QBA',NULL),(1209,NULL,'AZ','QUS',NULL),(1210,NULL,'AZ','SAK',NULL),(1211,NULL,'AZ','SIY',NULL),(1212,NULL,'AZ','SM',NULL),(1213,NULL,'AZ','XAN',NULL),(1214,NULL,'AZ','YE',NULL),(3727,NULL,'BA',NULL,NULL),(1215,NULL,'BA','BIH',NULL),(1216,NULL,'BA','BRC',NULL),(1217,NULL,'BA','SRP',NULL),(3728,NULL,'BB',NULL,NULL),(1218,NULL,'BB','01',NULL),(1219,NULL,'BB','02',NULL),(1220,NULL,'BB','03',NULL),(1221,NULL,'BB','04',NULL),(1222,NULL,'BB','05',NULL),(1223,NULL,'BB','07',NULL),(1224,NULL,'BB','08',NULL),(1225,NULL,'BB','09',NULL),(1226,NULL,'BB','10',NULL),(1227,NULL,'BB','11',NULL),(3729,NULL,'BD',NULL,NULL),(1228,NULL,'BD','B',NULL),(1229,NULL,'BD','C',NULL),(1230,NULL,'BD','D',NULL),(1231,NULL,'BD','E',NULL),(1232,NULL,'BD','F',NULL),(1233,NULL,'BD','G',NULL),(3730,NULL,'BE',NULL,NULL),(1234,NULL,'BE','BRU',NULL),(1235,NULL,'BE','VAN',NULL),(1236,NULL,'BE','VLG',NULL),(1237,NULL,'BE','VOV',NULL),(1238,NULL,'BE','VWV',NULL),(1239,NULL,'BE','WAL',NULL),(1240,NULL,'BE','WHT',NULL),(3731,NULL,'BF',NULL,NULL),(1241,NULL,'BF','03',NULL),(1242,NULL,'BF','04',NULL),(1243,NULL,'BF','06',NULL),(1244,NULL,'BF','09',NULL),(1245,NULL,'BF','13',NULL),(1246,NULL,'BF','HOU',NULL),(3732,NULL,'BG',NULL,NULL),(1247,NULL,'BG','01',NULL),(1248,NULL,'BG','02',NULL),(1249,NULL,'BG','03',NULL),(1250,NULL,'BG','04',NULL),(1251,NULL,'BG','05',NULL),(1252,NULL,'BG','06',NULL),(1253,NULL,'BG','07',NULL),(1254,NULL,'BG','08',NULL),(1255,NULL,'BG','09',NULL),(1256,NULL,'BG','10',NULL),(1257,NULL,'BG','11',NULL),(1258,NULL,'BG','12',NULL),(1259,NULL,'BG','13',NULL),(1260,NULL,'BG','14',NULL),(1261,NULL,'BG','15',NULL),(1262,NULL,'BG','16',NULL),(1263,NULL,'BG','17',NULL),(1264,NULL,'BG','18',NULL),(1265,NULL,'BG','19',NULL),(1266,NULL,'BG','20',NULL),(1267,NULL,'BG','21',NULL),(1268,NULL,'BG','22',NULL),(1269,NULL,'BG','23',NULL),(1270,NULL,'BG','24',NULL),(1271,NULL,'BG','25',NULL),(1272,NULL,'BG','26',NULL),(1273,NULL,'BG','27',NULL),(1274,NULL,'BG','28',NULL),(3733,NULL,'BH',NULL,NULL),(1275,NULL,'BH','13',NULL),(1276,NULL,'BH','14',NULL),(1277,NULL,'BH','15',NULL),(1278,NULL,'BH','16',NULL),(3734,NULL,'BI',NULL,NULL),(1279,NULL,'BI','BM',NULL),(3735,NULL,'BJ',NULL,NULL),(1280,NULL,'BJ','AQ',NULL),(1281,NULL,'BJ','LI',NULL),(1282,NULL,'BJ','OU',NULL),(3736,NULL,'BM',NULL,NULL),(1283,NULL,'BM','GC',NULL),(1284,NULL,'BM','HC',NULL),(1285,NULL,'BM','SA',NULL),(3737,NULL,'BN',NULL,NULL),(1286,NULL,'BN','BE',NULL),(1287,NULL,'BN','BM',NULL),(1288,NULL,'BN','TE',NULL),(1289,NULL,'BN','TU',NULL),(3738,NULL,'BO',NULL,NULL),(1290,NULL,'BO','B',NULL),(1291,NULL,'BO','C',NULL),(1292,NULL,'BO','H',NULL),(1293,NULL,'BO','L',NULL),(1294,NULL,'BO','N',NULL),(1295,NULL,'BO','O',NULL),(1296,NULL,'BO','P',NULL),(1297,NULL,'BO','S',NULL),(1298,NULL,'BO','T',NULL),(3739,NULL,'BQ',NULL,NULL),(1299,NULL,'BQ','Si',NULL),(1058,NULL,'BR',NULL,NULL),(1300,NULL,'BR','AC',NULL),(1301,NULL,'BR','AL',NULL),(1302,NULL,'BR','AM',NULL),(1303,NULL,'BR','AP',NULL),(1304,NULL,'BR','BA',NULL),(1305,NULL,'BR','CE',NULL),(1306,NULL,'BR','DF',NULL),(1307,NULL,'BR','ES',NULL),(1308,NULL,'BR','GO',NULL),(1309,NULL,'BR','MA',NULL),(1310,NULL,'BR','MG',NULL),(1311,NULL,'BR','MS',NULL),(1312,NULL,'BR','MT',NULL),(1313,NULL,'BR','PA',NULL),(1314,NULL,'BR','PB',NULL),(1315,NULL,'BR','PE',NULL),(1316,NULL,'BR','PI',NULL),(1317,NULL,'BR','PR',NULL),(1318,NULL,'BR','RJ',NULL),(1319,NULL,'BR','RN',NULL),(1320,NULL,'BR','RO',NULL),(1321,NULL,'BR','RR',NULL),(1322,NULL,'BR','RS',NULL),(1323,NULL,'BR','SC',NULL),(1324,NULL,'BR','SE',NULL),(1325,NULL,'BR','SP',NULL),(1326,NULL,'BR','TO',NULL),(3740,NULL,'BS',NULL,NULL),(1327,NULL,'BS','BI',NULL),(1328,NULL,'BS','CO',NULL),(1329,NULL,'BS','FP',NULL),(1330,NULL,'BS','NP',NULL),(1331,NULL,'BS','NS',NULL),(1332,NULL,'BS','SW',NULL),(3741,NULL,'BT',NULL,NULL),(1333,NULL,'BT','11',NULL),(1334,NULL,'BT','12',NULL),(1335,NULL,'BT','15',NULL),(1336,NULL,'BT','45',NULL),(3742,NULL,'BW',NULL,NULL),(1337,NULL,'BW','CE',NULL),(1338,NULL,'BW','KL',NULL),(1339,NULL,'BW','KW',NULL),(1340,NULL,'BW','NE',NULL),(1341,NULL,'BW','NW',NULL),(1342,NULL,'BW','SE',NULL),(3743,NULL,'BY',NULL,NULL),(1343,NULL,'BY','BR',NULL),(1344,NULL,'BY','HM',NULL),(1345,NULL,'BY','HO',NULL),(1346,NULL,'BY','HR',NULL),(1347,NULL,'BY','MA',NULL),(1348,NULL,'BY','MI',NULL),(1349,NULL,'BY','VI',NULL),(3744,NULL,'BZ',NULL,NULL),(1350,NULL,'BZ','BZ',NULL),(1351,NULL,'BZ','CY',NULL),(1352,NULL,'BZ','CZL',NULL),(1353,NULL,'BZ','OW',NULL),(1354,NULL,'BZ','SC',NULL),(3745,NULL,'CA',NULL,NULL),(1355,NULL,'CA','AB',NULL),(1356,NULL,'CA','BC',NULL),(1357,NULL,'CA','MB',NULL),(1358,NULL,'CA','NB',NULL),(1359,NULL,'CA','NL',NULL),(1360,NULL,'CA','NS',NULL),(1361,NULL,'CA','NT',NULL),(1362,NULL,'CA','NU',NULL),(1363,NULL,'CA','ON',NULL),(1364,NULL,'CA','PE',NULL),(1365,NULL,'CA','QC',NULL),(1366,NULL,'CA','SK',NULL),(1367,NULL,'CA','YT',NULL),(3746,NULL,'CD',NULL,NULL),(1368,NULL,'CD','BC',NULL),(1369,NULL,'CD','KA',NULL),(1370,NULL,'CD','KN',NULL),(1371,NULL,'CD','NK',NULL),(1372,NULL,'CD','SK',NULL),(3747,NULL,'CF',NULL,NULL),(1373,NULL,'CF','BGF',NULL),(1374,NULL,'CF','MB',NULL),(3748,NULL,'CFR',NULL,NULL),(3749,NULL,'CG',NULL,NULL),(1375,NULL,'CG','13',NULL),(1376,NULL,'CG','16',NULL),(1377,NULL,'CG','BZV',NULL),(3750,NULL,'CH',NULL,NULL),(1378,NULL,'CH','AG',NULL),(1379,NULL,'CH','AI',NULL),(1380,NULL,'CH','AR',NULL),(1381,NULL,'CH','BE',NULL),(1382,NULL,'CH','BL',NULL),(1383,NULL,'CH','BS',NULL),(1384,NULL,'CH','FR',NULL),(1385,NULL,'CH','GE',NULL),(1386,NULL,'CH','GL',NULL),(1387,NULL,'CH','GR',NULL),(1388,NULL,'CH','JU',NULL),(1389,NULL,'CH','LU',NULL),(1390,NULL,'CH','NE',NULL),(1391,NULL,'CH','NW',NULL),(1392,NULL,'CH','OW',NULL),(1393,NULL,'CH','SG',NULL),(1394,NULL,'CH','SH',NULL),(1395,NULL,'CH','SO',NULL),(1396,NULL,'CH','SZ',NULL),(1397,NULL,'CH','TG',NULL),(1398,NULL,'CH','TI',NULL),(1399,NULL,'CH','UR',NULL),(1400,NULL,'CH','VD',NULL),(1401,NULL,'CH','VS',NULL),(1402,NULL,'CH','ZG',NULL),(1403,NULL,'CH','ZH',NULL),(3751,NULL,'CI',NULL,NULL),(1404,NULL,'CI','01',NULL),(1405,NULL,'CI','02',NULL),(1059,NULL,'CL',NULL,NULL),(1406,NULL,'CL','AI',NULL),(1407,NULL,'CL','AN',NULL),(1408,NULL,'CL','AP',NULL),(1409,NULL,'CL','AR',NULL),(1410,NULL,'CL','AT',NULL),(1411,NULL,'CL','BI',NULL),(1412,NULL,'CL','CO',NULL),(1413,NULL,'CL','LI',NULL),(1414,NULL,'CL','LL',NULL),(1415,NULL,'CL','LR',NULL),(1416,NULL,'CL','MA',NULL),(1417,NULL,'CL','ML',NULL),(1418,NULL,'CL','RM',NULL),(1419,NULL,'CL','TA',NULL),(1420,NULL,'CL','VS',NULL),(3752,NULL,'CM',NULL,NULL),(1421,NULL,'CM','AD',NULL),(1422,NULL,'CM','CE',NULL),(1423,NULL,'CM','LT',NULL),(1424,NULL,'CM','NO',NULL),(1425,NULL,'CM','NW',NULL),(1426,NULL,'CM','OU',NULL),(1427,NULL,'CM','SU',NULL),(1428,NULL,'CM','SW',NULL),(1060,NULL,'CN',NULL,NULL),(1429,NULL,'CN','11',NULL),(1430,NULL,'CN','12',NULL),(1431,NULL,'CN','13',NULL),(1432,NULL,'CN','14',NULL),(1433,NULL,'CN','15',NULL),(1434,NULL,'CN','21',NULL),(1435,NULL,'CN','22',NULL),(1436,NULL,'CN','23',NULL),(1437,NULL,'CN','31',NULL),(1438,NULL,'CN','32',NULL),(1439,NULL,'CN','33',NULL),(1440,NULL,'CN','34',NULL),(1441,NULL,'CN','35',NULL),(1442,NULL,'CN','36',NULL),(1443,NULL,'CN','37',NULL),(1444,NULL,'CN','41',NULL),(1445,NULL,'CN','42',NULL),(1446,NULL,'CN','43',NULL),(1447,NULL,'CN','44',NULL),(1448,NULL,'CN','45',NULL),(1449,NULL,'CN','46',NULL),(1450,NULL,'CN','50',NULL),(1451,NULL,'CN','51',NULL),(1452,NULL,'CN','52',NULL),(1453,NULL,'CN','53',NULL),(1454,NULL,'CN','54',NULL),(1455,NULL,'CN','61',NULL),(1456,NULL,'CN','62',NULL),(1457,NULL,'CN','63',NULL),(1458,NULL,'CN','64',NULL),(1459,NULL,'CN','65',NULL),(3753,NULL,'CO',NULL,NULL),(1460,NULL,'CO','AMA',NULL),(1461,NULL,'CO','ANT',NULL),(1462,NULL,'CO','ATL',NULL),(1463,NULL,'CO','BOL',NULL),(1464,NULL,'CO','BOY',NULL),(1465,NULL,'CO','CAL',NULL),(1466,NULL,'CO','CAQ',NULL),(1467,NULL,'CO','CAS',NULL),(1468,NULL,'CO','CAU',NULL),(1469,NULL,'CO','CES',NULL),(1470,NULL,'CO','COR',NULL),(1471,NULL,'CO','CUN',NULL),(1472,NULL,'CO','DC',NULL),(1473,NULL,'CO','GUA',NULL),(1474,NULL,'CO','GUV',NULL),(1475,NULL,'CO','HUI',NULL),(1476,NULL,'CO','LAG',NULL),(1477,NULL,'CO','MAG',NULL),(1478,NULL,'CO','MET',NULL),(1479,NULL,'CO','NAR',NULL),(1480,NULL,'CO','NSA',NULL),(1481,NULL,'CO','PUT',NULL),(1482,NULL,'CO','QUI',NULL),(1483,NULL,'CO','RIS',NULL),(1484,NULL,'CO','SAN',NULL),(1485,NULL,'CO','SAP',NULL),(1486,NULL,'CO','SUC',NULL),(1487,NULL,'CO','TOL',NULL),(1488,NULL,'CO','VAC',NULL),(1489,NULL,'CO','VID',NULL),(3713,NULL,'CO','sub',NULL),(3754,NULL,'CR',NULL,NULL),(1490,NULL,'CR','A',NULL),(1491,NULL,'CR','C',NULL),(1492,NULL,'CR','G',NULL),(1493,NULL,'CR','H',NULL),(1494,NULL,'CR','L',NULL),(1495,NULL,'CR','P',NULL),(1496,NULL,'CR','SJ',NULL),(1061,NULL,'CU',NULL,NULL),(1497,NULL,'CU','01',NULL),(1498,NULL,'CU','03',NULL),(1499,NULL,'CU','04',NULL),(1500,NULL,'CU','06',NULL),(1501,NULL,'CU','07',NULL),(1502,NULL,'CU','08',NULL),(1503,NULL,'CU','09',NULL),(1504,NULL,'CU','10',NULL),(1505,NULL,'CU','11',NULL),(1506,NULL,'CU','12',NULL),(1507,NULL,'CU','13',NULL),(1508,NULL,'CU','14',NULL),(3755,NULL,'CV',NULL,NULL),(1509,NULL,'CV','RG',NULL),(1510,NULL,'CV','RS',NULL),(1511,NULL,'CV','SD',NULL),(1512,NULL,'CV','SV',NULL),(3756,NULL,'CY',NULL,NULL),(1513,NULL,'CY','01',NULL),(1514,NULL,'CY','02',NULL),(1515,NULL,'CY','03',NULL),(1516,NULL,'CY','04',NULL),(1517,NULL,'CY','05',NULL),(1518,NULL,'CY','06',NULL),(1062,NULL,'CZ',NULL,NULL),(1519,NULL,'CZ','JC',NULL),(1520,NULL,'CZ','JM',NULL),(1521,NULL,'CZ','KA',NULL),(1522,NULL,'CZ','KR',NULL),(1523,NULL,'CZ','LI',NULL),(1524,NULL,'CZ','MO',NULL),(1525,NULL,'CZ','OL',NULL),(1526,NULL,'CZ','PA',NULL),(1527,NULL,'CZ','PL',NULL),(1528,NULL,'CZ','PR',NULL),(1529,NULL,'CZ','ST',NULL),(1530,NULL,'CZ','US',NULL),(1531,NULL,'CZ','VY',NULL),(1532,NULL,'CZ','ZL',NULL),(1054,NULL,'DE',NULL,NULL),(1533,NULL,'DE','BB',NULL),(1534,NULL,'DE','BE',NULL),(1535,NULL,'DE','BW',NULL),(1536,NULL,'DE','BY',NULL),(1537,NULL,'DE','HB',NULL),(1538,NULL,'DE','HE',NULL),(1539,NULL,'DE','HH',NULL),(1540,NULL,'DE','MV',NULL),(1541,NULL,'DE','NI',NULL),(1542,NULL,'DE','NW',NULL),(1543,NULL,'DE','RP',NULL),(1544,NULL,'DE','SH',NULL),(1545,NULL,'DE','SL',NULL),(1546,NULL,'DE','SN',NULL),(1547,NULL,'DE','ST',NULL),(1548,NULL,'DE','TH',NULL),(1063,NULL,'DK',NULL,NULL),(1549,NULL,'DK','81',NULL),(1550,NULL,'DK','82',NULL),(1551,NULL,'DK','83',NULL),(1552,NULL,'DK','84',NULL),(1553,NULL,'DK','85',NULL),(3757,NULL,'DM',NULL,NULL),(1554,NULL,'DM','02',NULL),(1555,NULL,'DM','04',NULL),(1556,NULL,'DM','05',NULL),(1557,NULL,'DM','09',NULL),(3758,NULL,'DO',NULL,NULL),(1558,NULL,'DO','01',NULL),(1559,NULL,'DO','02',NULL),(1560,NULL,'DO','04',NULL),(1561,NULL,'DO','05',NULL),(1562,NULL,'DO','06',NULL),(1563,NULL,'DO','08',NULL),(1564,NULL,'DO','09',NULL),(1565,NULL,'DO','10',NULL),(1566,NULL,'DO','11',NULL),(1567,NULL,'DO','12',NULL),(1568,NULL,'DO','13',NULL),(1569,NULL,'DO','14',NULL),(1570,NULL,'DO','15',NULL),(1571,NULL,'DO','16',NULL),(1572,NULL,'DO','17',NULL),(1573,NULL,'DO','18',NULL),(1574,NULL,'DO','19',NULL),(1575,NULL,'DO','20',NULL),(1576,NULL,'DO','21',NULL),(1577,NULL,'DO','22',NULL),(1578,NULL,'DO','23',NULL),(1579,NULL,'DO','24',NULL),(1580,NULL,'DO','25',NULL),(1581,NULL,'DO','26',NULL),(1582,NULL,'DO','27',NULL),(1583,NULL,'DO','28',NULL),(3759,NULL,'DZ',NULL,NULL),(1584,NULL,'DZ','01',NULL),(1585,NULL,'DZ','02',NULL),(1586,NULL,'DZ','03',NULL),(1587,NULL,'DZ','04',NULL),(1588,NULL,'DZ','05',NULL),(1589,NULL,'DZ','06',NULL),(1590,NULL,'DZ','07',NULL),(1591,NULL,'DZ','08',NULL),(1592,NULL,'DZ','09',NULL),(1593,NULL,'DZ','10',NULL),(1594,NULL,'DZ','11',NULL),(1595,NULL,'DZ','12',NULL),(1596,NULL,'DZ','13',NULL),(1597,NULL,'DZ','14',NULL),(1598,NULL,'DZ','15',NULL),(1599,NULL,'DZ','16',NULL),(1600,NULL,'DZ','17',NULL),(1601,NULL,'DZ','18',NULL),(1602,NULL,'DZ','19',NULL),(1603,NULL,'DZ','20',NULL),(1604,NULL,'DZ','21',NULL),(1605,NULL,'DZ','22',NULL),(1606,NULL,'DZ','23',NULL),(1607,NULL,'DZ','24',NULL),(1608,NULL,'DZ','25',NULL),(1609,NULL,'DZ','26',NULL),(1610,NULL,'DZ','27',NULL),(1611,NULL,'DZ','28',NULL),(1612,NULL,'DZ','29',NULL),(1613,NULL,'DZ','30',NULL),(1614,NULL,'DZ','31',NULL),(1615,NULL,'DZ','33',NULL),(1616,NULL,'DZ','34',NULL),(1617,NULL,'DZ','35',NULL),(1618,NULL,'DZ','36',NULL),(1619,NULL,'DZ','38',NULL),(1620,NULL,'DZ','39',NULL),(1621,NULL,'DZ','40',NULL),(1622,NULL,'DZ','41',NULL),(1623,NULL,'DZ','42',NULL),(1624,NULL,'DZ','43',NULL),(1625,NULL,'DZ','44',NULL),(1626,NULL,'DZ','45',NULL),(1627,NULL,'DZ','46',NULL),(1628,NULL,'DZ','47',NULL),(1629,NULL,'DZ','48',NULL),(3760,NULL,'EC',NULL,NULL),(1630,NULL,'EC','A',NULL),(1631,NULL,'EC','B',NULL),(1632,NULL,'EC','C',NULL),(1633,NULL,'EC','E',NULL),(1634,NULL,'EC','F',NULL),(1635,NULL,'EC','G',NULL),(1636,NULL,'EC','H',NULL),(1637,NULL,'EC','I',NULL),(1638,NULL,'EC','L',NULL),(1639,NULL,'EC','M',NULL),(1640,NULL,'EC','N',NULL),(1641,NULL,'EC','O',NULL),(1642,NULL,'EC','P',NULL),(1643,NULL,'EC','R',NULL),(1644,NULL,'EC','S',NULL),(1645,NULL,'EC','SD',NULL),(1646,NULL,'EC','SE',NULL),(1647,NULL,'EC','T',NULL),(1648,NULL,'EC','U',NULL),(1649,NULL,'EC','W',NULL),(1650,NULL,'EC','X',NULL),(1651,NULL,'EC','Y',NULL),(1652,NULL,'EC','Z',NULL),(3761,NULL,'EE',NULL,NULL),(1653,NULL,'EE','37',NULL),(1654,NULL,'EE','39',NULL),(1655,NULL,'EE','44',NULL),(1656,NULL,'EE','49',NULL),(1657,NULL,'EE','51',NULL),(1658,NULL,'EE','57',NULL),(1659,NULL,'EE','59',NULL),(1660,NULL,'EE','65',NULL),(1661,NULL,'EE','67',NULL),(1662,NULL,'EE','70',NULL),(1663,NULL,'EE','74',NULL),(1664,NULL,'EE','78',NULL),(1665,NULL,'EE','82',NULL),(1666,NULL,'EE','84',NULL),(1667,NULL,'EE','86',NULL),(1064,NULL,'EG',NULL,NULL),(1668,NULL,'EG','ALX',NULL),(1669,NULL,'EG','ASN',NULL),(1670,NULL,'EG','AST',NULL),(1671,NULL,'EG','BA',NULL),(1672,NULL,'EG','BH',NULL),(1673,NULL,'EG','BNS',NULL),(1674,NULL,'EG','C',NULL),(1675,NULL,'EG','DK',NULL),(1676,NULL,'EG','DT',NULL),(1677,NULL,'EG','FYM',NULL),(1678,NULL,'EG','GH',NULL),(1679,NULL,'EG','GZ',NULL),(1680,NULL,'EG','IS',NULL),(1681,NULL,'EG','JS',NULL),(1682,NULL,'EG','KB',NULL),(1683,NULL,'EG','KN',NULL),(1684,NULL,'EG','LX',NULL),(1685,NULL,'EG','MN',NULL),(1686,NULL,'EG','MNF',NULL),(1687,NULL,'EG','MT',NULL),(1688,NULL,'EG','PTS',NULL),(1689,NULL,'EG','SHG',NULL),(1690,NULL,'EG','SHR',NULL),(1691,NULL,'EG','SIN',NULL),(1692,NULL,'EG','SUZ',NULL),(3762,NULL,'ER',NULL,NULL),(1693,NULL,'ER','MA',NULL),(1090,NULL,'ES',NULL,NULL),(1694,NULL,'ES','AN',NULL),(1695,NULL,'ES','AR',NULL),(1696,NULL,'ES','AS',NULL),(1697,NULL,'ES','CB',NULL),(1698,NULL,'ES','CE',NULL),(1699,NULL,'ES','CL',NULL),(1700,NULL,'ES','CM',NULL),(1701,NULL,'ES','CN',NULL),(1702,NULL,'ES','CT',NULL),(1703,NULL,'ES','EX',NULL),(1704,NULL,'ES','GA',NULL),(1705,NULL,'ES','IB',NULL),(1706,NULL,'ES','MC',NULL),(1707,NULL,'ES','MD',NULL),(1708,NULL,'ES','ML',NULL),(1709,NULL,'ES','NC',NULL),(1710,NULL,'ES','PV',NULL),(1711,NULL,'ES','RI',NULL),(1712,NULL,'ES','VC',NULL),(3763,NULL,'ET',NULL,NULL),(1713,NULL,'ET','AA',NULL),(1714,NULL,'ET','AF',NULL),(1715,NULL,'ET','AM',NULL),(1716,NULL,'ET','BE',NULL),(1717,NULL,'ET','DD',NULL),(1718,NULL,'ET','GA',NULL),(1719,NULL,'ET','HA',NULL),(1720,NULL,'ET','OR',NULL),(1721,NULL,'ET','SN',NULL),(1722,NULL,'ET','SO',NULL),(1723,NULL,'ET','TI',NULL),(1066,NULL,'FI',NULL,NULL),(1724,NULL,'FI','02',NULL),(1725,NULL,'FI','04',NULL),(1726,NULL,'FI','05',NULL),(1727,NULL,'FI','06',NULL),(1728,NULL,'FI','07',NULL),(1729,NULL,'FI','08',NULL),(1730,NULL,'FI','09',NULL),(1731,NULL,'FI','10',NULL),(1732,NULL,'FI','12',NULL),(1733,NULL,'FI','13',NULL),(1734,NULL,'FI','14',NULL),(1735,NULL,'FI','15',NULL),(1736,NULL,'FI','16',NULL),(1737,NULL,'FI','17',NULL),(1738,NULL,'FI','18',NULL),(1739,NULL,'FI','19',NULL),(1740,NULL,'FI','IS',NULL),(1741,NULL,'FI','LL',NULL),(1065,NULL,'FJ',NULL,NULL),(1742,NULL,'FJ','C',NULL),(1743,NULL,'FJ','W',NULL),(3764,NULL,'FM',NULL,NULL),(1744,NULL,'FM','PNI',NULL),(1745,NULL,'FM','TRK',NULL),(1746,NULL,'FM','YAP',NULL),(1055,NULL,'FR',NULL,NULL),(1747,NULL,'FR','A',NULL),(1748,NULL,'FR','B',NULL),(1749,NULL,'FR','C',NULL),(1750,NULL,'FR','D',NULL),(1751,NULL,'FR','E',NULL),(1752,NULL,'FR','F',NULL),(1753,NULL,'FR','G',NULL),(1754,NULL,'FR','H',NULL),(1755,NULL,'FR','I',NULL),(1756,NULL,'FR','J',NULL),(1757,NULL,'FR','K',NULL),(1758,NULL,'FR','L',NULL),(1759,NULL,'FR','M',NULL),(1760,NULL,'FR','N',NULL),(1761,NULL,'FR','O',NULL),(1762,NULL,'FR','P',NULL),(1763,NULL,'FR','Q',NULL),(1764,NULL,'FR','R',NULL),(1765,NULL,'FR','S',NULL),(1766,NULL,'FR','T',NULL),(1767,NULL,'FR','U',NULL),(1768,NULL,'FR','V',NULL),(3765,NULL,'GA',NULL,NULL),(1769,NULL,'GA','1',NULL),(1770,NULL,'GA','3',NULL),(1771,NULL,'GA','4',NULL),(1772,NULL,'GA','7',NULL),(1773,NULL,'GA','8',NULL),(1094,NULL,'GB',NULL,NULL),(1774,NULL,'GB','ABD',NULL),(1775,NULL,'GB','CAM',NULL),(1776,NULL,'GB','CHS',NULL),(1777,NULL,'GB','CON',NULL),(1000,NULL,'GB','ENG',NULL),(1778,NULL,'GB','ENG',NULL),(1779,NULL,'GB','GLS',NULL),(1780,NULL,'GB','HAM',NULL),(1781,NULL,'GB','HRT',NULL),(1782,NULL,'GB','KEN',NULL),(1783,NULL,'GB','LND',NULL),(1784,NULL,'GB','NFK',NULL),(1785,NULL,'GB','NIR',NULL),(1786,NULL,'GB','OXF',NULL),(1787,NULL,'GB','SCT',NULL),(1788,NULL,'GB','SOM',NULL),(1789,NULL,'GB','SRY',NULL),(1790,NULL,'GB','WLS',NULL),(1791,NULL,'GB','WSX',NULL),(3766,NULL,'GD',NULL,NULL),(1792,NULL,'GD','01',NULL),(1793,NULL,'GD','03',NULL),(1794,NULL,'GD','04',NULL),(1795,NULL,'GD','06',NULL),(3767,NULL,'GE',NULL,NULL),(1796,NULL,'GE','AB',NULL),(1797,NULL,'GE','AJ',NULL),(1798,NULL,'GE','GU',NULL),(1799,NULL,'GE','IM',NULL),(1800,NULL,'GE','KA',NULL),(1801,NULL,'GE','KK',NULL),(1802,NULL,'GE','MM',NULL),(1803,NULL,'GE','RL',NULL),(1804,NULL,'GE','SJ',NULL),(1805,NULL,'GE','SK',NULL),(1806,NULL,'GE','SZ',NULL),(1807,NULL,'GE','TB',NULL),(3768,NULL,'GH',NULL,NULL),(1808,NULL,'GH','AA',NULL),(1809,NULL,'GH','AH',NULL),(1810,NULL,'GH','BA',NULL),(1811,NULL,'GH','CP',NULL),(1812,NULL,'GH','TV',NULL),(1813,NULL,'GH','UE',NULL),(1814,NULL,'GH','UW',NULL),(1815,NULL,'GH','WP',NULL),(1067,NULL,'GI',NULL,NULL),(3769,NULL,'GL',NULL,NULL),(1816,NULL,'GL','KU',NULL),(1817,NULL,'GL','QA',NULL),(1818,NULL,'GL','QE',NULL),(1819,NULL,'GL','SM',NULL),(3770,NULL,'GM',NULL,NULL),(1820,NULL,'GM','B',NULL),(1821,NULL,'GM','W',NULL),(3771,NULL,'GN',NULL,NULL),(1822,NULL,'GN','B',NULL),(1823,NULL,'GN','C',NULL),(1824,NULL,'GN','D',NULL),(1825,NULL,'GN','F',NULL),(1826,NULL,'GN','K',NULL),(1827,NULL,'GN','L',NULL),(1828,NULL,'GN','M',NULL),(1829,NULL,'GN','N',NULL),(3772,NULL,'GQ',NULL,NULL),(1830,NULL,'GQ','BN',NULL),(1068,NULL,'GR',NULL,NULL),(1831,NULL,'GR','A',NULL),(1832,NULL,'GR','B',NULL),(1833,NULL,'GR','C',NULL),(1834,NULL,'GR','D',NULL),(1835,NULL,'GR','E',NULL),(1836,NULL,'GR','F',NULL),(1837,NULL,'GR','G',NULL),(1838,NULL,'GR','H',NULL),(1839,NULL,'GR','I',NULL),(1840,NULL,'GR','J',NULL),(1841,NULL,'GR','K',NULL),(1842,NULL,'GR','L',NULL),(1843,NULL,'GR','M',NULL),(3773,NULL,'GT',NULL,NULL),(1844,NULL,'GT','AV',NULL),(1845,NULL,'GT','BV',NULL),(1846,NULL,'GT','CM',NULL),(1847,NULL,'GT','CQ',NULL),(1848,NULL,'GT','ES',NULL),(1849,NULL,'GT','GU',NULL),(1850,NULL,'GT','HU',NULL),(1851,NULL,'GT','IZ',NULL),(1852,NULL,'GT','JA',NULL),(1853,NULL,'GT','JU',NULL),(1854,NULL,'GT','PE',NULL),(1855,NULL,'GT','PR',NULL),(1856,NULL,'GT','QZ',NULL),(1857,NULL,'GT','RE',NULL),(1858,NULL,'GT','SA',NULL),(1859,NULL,'GT','SM',NULL),(1860,NULL,'GT','SO',NULL),(1861,NULL,'GT','SR',NULL),(1862,NULL,'GT','SU',NULL),(1863,NULL,'GT','TO',NULL),(1864,NULL,'GT','ZA',NULL),(3774,NULL,'GW',NULL,NULL),(1865,NULL,'GW','BL',NULL),(1866,NULL,'GW','BS',NULL),(1867,NULL,'GW','CA',NULL),(3775,NULL,'GY',NULL,NULL),(1868,NULL,'GY','CU',NULL),(1869,NULL,'GY','DE',NULL),(1870,NULL,'GY','EB',NULL),(1871,NULL,'GY','ES',NULL),(1872,NULL,'GY','UD',NULL),(1069,NULL,'HK',NULL,NULL),(1873,NULL,'HK','HCW',NULL),(1874,NULL,'HK','HEA',NULL),(1875,NULL,'HK','HSO',NULL),(1876,NULL,'HK','HWC',NULL),(1877,NULL,'HK','KKC',NULL),(1878,NULL,'HK','KKT',NULL),(1879,NULL,'HK','KSS',NULL),(1880,NULL,'HK','KWT',NULL),(1881,NULL,'HK','KYT',NULL),(1882,NULL,'HK','NST',NULL),(1883,NULL,'HK','NTW',NULL),(1884,NULL,'HK','NYL',NULL),(3776,NULL,'HN',NULL,NULL),(1885,NULL,'HN','AT',NULL),(1886,NULL,'HN','CH',NULL),(1887,NULL,'HN','CL',NULL),(1888,NULL,'HN','CM',NULL),(1889,NULL,'HN','CP',NULL),(1890,NULL,'HN','CR',NULL),(1891,NULL,'HN','EP',NULL),(1892,NULL,'HN','FM',NULL),(1893,NULL,'HN','GD',NULL),(1894,NULL,'HN','IB',NULL),(1895,NULL,'HN','IN',NULL),(1896,NULL,'HN','LE',NULL),(1897,NULL,'HN','LP',NULL),(1898,NULL,'HN','OC',NULL),(1899,NULL,'HN','OL',NULL),(1900,NULL,'HN','SB',NULL),(1901,NULL,'HN','VA',NULL),(1902,NULL,'HN','YO',NULL),(3777,NULL,'HR',NULL,NULL),(1903,NULL,'HR','01',NULL),(1904,NULL,'HR','02',NULL),(1905,NULL,'HR','03',NULL),(1906,NULL,'HR','04',NULL),(1907,NULL,'HR','05',NULL),(1908,NULL,'HR','06',NULL),(1909,NULL,'HR','07',NULL),(1910,NULL,'HR','08',NULL),(1911,NULL,'HR','09',NULL),(1912,NULL,'HR','10',NULL),(1913,NULL,'HR','11',NULL),(1914,NULL,'HR','12',NULL),(1915,NULL,'HR','13',NULL),(1916,NULL,'HR','14',NULL),(1917,NULL,'HR','15',NULL),(1918,NULL,'HR','16',NULL),(1919,NULL,'HR','17',NULL),(1920,NULL,'HR','18',NULL),(1921,NULL,'HR','19',NULL),(1922,NULL,'HR','20',NULL),(1923,NULL,'HR','21',NULL),(3778,NULL,'HT',NULL,NULL),(1924,NULL,'HT','CE',NULL),(1925,NULL,'HT','ND',NULL),(1926,NULL,'HT','NE',NULL),(1927,NULL,'HT','OU',NULL),(1928,NULL,'HT','SE',NULL),(1070,NULL,'HU',NULL,NULL),(1929,NULL,'HU','BA',NULL),(1930,NULL,'HU','BE',NULL),(1931,NULL,'HU','BK',NULL),(1932,NULL,'HU','BU',NULL),(1933,NULL,'HU','BZ',NULL),(1934,NULL,'HU','CS',NULL),(1935,NULL,'HU','FE',NULL),(1936,NULL,'HU','GS',NULL),(1937,NULL,'HU','HB',NULL),(1938,NULL,'HU','HE',NULL),(1939,NULL,'HU','JN',NULL),(1940,NULL,'HU','KE',NULL),(1941,NULL,'HU','NO',NULL),(1942,NULL,'HU','PE',NULL),(1943,NULL,'HU','SO',NULL),(1944,NULL,'HU','SZ',NULL),(1945,NULL,'HU','TO',NULL),(1946,NULL,'HU','VA',NULL),(1947,NULL,'HU','VE',NULL),(1948,NULL,'HU','ZA',NULL),(3779,NULL,'ID',NULL,NULL),(1949,NULL,'ID','AC',NULL),(1950,NULL,'ID','BA',NULL),(1951,NULL,'ID','BB',NULL),(1952,NULL,'ID','BE',NULL),(1953,NULL,'ID','BT',NULL),(1954,NULL,'ID','GO',NULL),(1955,NULL,'ID','JA',NULL),(1956,NULL,'ID','JB',NULL),(1957,NULL,'ID','JI',NULL),(1958,NULL,'ID','JK',NULL),(1959,NULL,'ID','JT',NULL),(1960,NULL,'ID','KB',NULL),(1961,NULL,'ID','KI',NULL),(1962,NULL,'ID','KR',NULL),(1963,NULL,'ID','KS',NULL),(1964,NULL,'ID','KT',NULL),(1965,NULL,'ID','LA',NULL),(1966,NULL,'ID','MA',NULL),(1967,NULL,'ID','MU',NULL),(1968,NULL,'ID','NB',NULL),(1969,NULL,'ID','NT',NULL),(1970,NULL,'ID','PA',NULL),(1971,NULL,'ID','PB',NULL),(1972,NULL,'ID','RI',NULL),(1973,NULL,'ID','SA',NULL),(1974,NULL,'ID','SB',NULL),(1975,NULL,'ID','SG',NULL),(1976,NULL,'ID','SN',NULL),(1977,NULL,'ID','SR',NULL),(1978,NULL,'ID','SS',NULL),(1979,NULL,'ID','ST',NULL),(1980,NULL,'ID','SU',NULL),(1981,NULL,'ID','YO',NULL),(1072,NULL,'IE',NULL,NULL),(1982,NULL,'IE','C',NULL),(1983,NULL,'IE','CE',NULL),(1984,NULL,'IE','L',NULL),(1985,NULL,'IE','LK',NULL),(1986,NULL,'IE','M',NULL),(1987,NULL,'IE','MO',NULL),(1988,NULL,'IE','U',NULL),(3780,NULL,'IL',NULL,NULL),(1989,NULL,'IL','D',NULL),(1990,NULL,'IL','HA',NULL),(1991,NULL,'IL','JM',NULL),(1992,NULL,'IL','M',NULL),(1993,NULL,'IL','TA',NULL),(1994,NULL,'IL','Z',NULL),(1073,NULL,'IM',NULL,NULL),(3781,NULL,'IN',NULL,NULL),(1995,NULL,'IN','AN',NULL),(1996,NULL,'IN','AP',NULL),(1997,NULL,'IN','AR',NULL),(1998,NULL,'IN','AS',NULL),(1999,NULL,'IN','BR',NULL),(2000,NULL,'IN','CH',NULL),(2001,NULL,'IN','CT',NULL),(2002,NULL,'IN','DD',NULL),(2003,NULL,'IN','DL',NULL),(2004,NULL,'IN','DN',NULL),(2005,NULL,'IN','GA',NULL),(2006,NULL,'IN','GJ',NULL),(2007,NULL,'IN','HP',NULL),(2008,NULL,'IN','HR',NULL),(2009,NULL,'IN','JH',NULL),(2010,NULL,'IN','JK',NULL),(2011,NULL,'IN','KA',NULL),(2012,NULL,'IN','KL',NULL),(2013,NULL,'IN','LD',NULL),(2014,NULL,'IN','MH',NULL),(2015,NULL,'IN','ML',NULL),(2016,NULL,'IN','MN',NULL),(2017,NULL,'IN','MP',NULL),(2018,NULL,'IN','MZ',NULL),(2019,NULL,'IN','NL',NULL),(2020,NULL,'IN','OR',NULL),(2021,NULL,'IN','PB',NULL),(2022,NULL,'IN','PY',NULL),(2023,NULL,'IN','RJ',NULL),(2024,NULL,'IN','SK',NULL),(2025,NULL,'IN','TN',NULL),(2026,NULL,'IN','TR',NULL),(2027,NULL,'IN','UL',NULL),(2028,NULL,'IN','UP',NULL),(2029,NULL,'IN','WB',NULL),(3782,NULL,'IQ',NULL,NULL),(2030,NULL,'IQ','AN',NULL),(2031,NULL,'IQ','AR',NULL),(2032,NULL,'IQ','BA',NULL),(2033,NULL,'IQ','BB',NULL),(2034,NULL,'IQ','BG',NULL),(2035,NULL,'IQ','DA',NULL),(2036,NULL,'IQ','DI',NULL),(2037,NULL,'IQ','DQ',NULL),(2038,NULL,'IQ','KA',NULL),(2039,NULL,'IQ','MA',NULL),(2040,NULL,'IQ','MU',NULL),(2041,NULL,'IQ','NA',NULL),(2042,NULL,'IQ','NI',NULL),(2043,NULL,'IQ','SU',NULL),(2044,NULL,'IQ','TS',NULL),(3783,NULL,'IR',NULL,NULL),(2045,NULL,'IR','01',NULL),(2046,NULL,'IR','02',NULL),(2047,NULL,'IR','03',NULL),(2048,NULL,'IR','04',NULL),(2049,NULL,'IR','05',NULL),(2050,NULL,'IR','06',NULL),(2051,NULL,'IR','07',NULL),(2052,NULL,'IR','08',NULL),(2053,NULL,'IR','10',NULL),(2054,NULL,'IR','11',NULL),(2055,NULL,'IR','12',NULL),(2056,NULL,'IR','13',NULL),(2057,NULL,'IR','14',NULL),(2058,NULL,'IR','15',NULL),(2059,NULL,'IR','16',NULL),(2060,NULL,'IR','17',NULL),(2061,NULL,'IR','18',NULL),(2062,NULL,'IR','19',NULL),(2063,NULL,'IR','20',NULL),(2064,NULL,'IR','21',NULL),(2065,NULL,'IR','22',NULL),(2066,NULL,'IR','23',NULL),(2067,NULL,'IR','24',NULL),(2068,NULL,'IR','25',NULL),(2069,NULL,'IR','26',NULL),(2070,NULL,'IR','27',NULL),(2071,NULL,'IR','28',NULL),(2072,NULL,'IR','29',NULL),(2073,NULL,'IR','30',NULL),(2074,NULL,'IR','31',NULL),(1071,NULL,'IS',NULL,NULL),(2075,NULL,'IS','1',NULL),(2076,NULL,'IS','2',NULL),(2077,NULL,'IS','3',NULL),(2078,NULL,'IS','4',NULL),(2079,NULL,'IS','5',NULL),(2080,NULL,'IS','6',NULL),(2081,NULL,'IS','7',NULL),(2082,NULL,'IS','8',NULL),(1074,NULL,'IT',NULL,NULL),(2083,NULL,'IT','21',NULL),(2084,NULL,'IT','23',NULL),(2085,NULL,'IT','25',NULL),(2086,NULL,'IT','32',NULL),(2087,NULL,'IT','34',NULL),(2088,NULL,'IT','36',NULL),(2089,NULL,'IT','42',NULL),(2090,NULL,'IT','45',NULL),(2091,NULL,'IT','52',NULL),(2092,NULL,'IT','55',NULL),(2093,NULL,'IT','57',NULL),(2094,NULL,'IT','62',NULL),(2095,NULL,'IT','65',NULL),(2096,NULL,'IT','67',NULL),(2097,NULL,'IT','72',NULL),(2098,NULL,'IT','75',NULL),(2099,NULL,'IT','77',NULL),(2100,NULL,'IT','78',NULL),(2101,NULL,'IT','82',NULL),(2102,NULL,'IT','88',NULL),(3784,NULL,'JM',NULL,NULL),(2103,NULL,'JM','01',NULL),(2104,NULL,'JM','03',NULL),(2105,NULL,'JM','06',NULL),(2106,NULL,'JM','08',NULL),(2107,NULL,'JM','10',NULL),(2108,NULL,'JM','12',NULL),(2109,NULL,'JM','13',NULL),(2110,NULL,'JM','14',NULL),(3785,NULL,'JO',NULL,NULL),(2111,NULL,'JO','AM',NULL),(2112,NULL,'JO','AZ',NULL),(2113,NULL,'JO','BA',NULL),(2114,NULL,'JO','IR',NULL),(2115,NULL,'JO','MA',NULL),(1075,NULL,'JP',NULL,NULL),(2116,NULL,'JP','01',NULL),(2117,NULL,'JP','02',NULL),(2118,NULL,'JP','03',NULL),(2119,NULL,'JP','04',NULL),(2120,NULL,'JP','05',NULL),(2121,NULL,'JP','06',NULL),(2122,NULL,'JP','07',NULL),(2123,NULL,'JP','08',NULL),(2124,NULL,'JP','09',NULL),(2125,NULL,'JP','10',NULL),(2126,NULL,'JP','11',NULL),(2127,NULL,'JP','12',NULL),(2128,NULL,'JP','13',NULL),(2129,NULL,'JP','14',NULL),(2130,NULL,'JP','15',NULL),(2131,NULL,'JP','16',NULL),(2132,NULL,'JP','17',NULL),(2133,NULL,'JP','18',NULL),(2134,NULL,'JP','19',NULL),(2135,NULL,'JP','20',NULL),(2136,NULL,'JP','21',NULL),(2137,NULL,'JP','22',NULL),(2138,NULL,'JP','23',NULL),(2139,NULL,'JP','24',NULL),(2140,NULL,'JP','25',NULL),(2141,NULL,'JP','26',NULL),(2142,NULL,'JP','27',NULL),(2143,NULL,'JP','28',NULL),(2144,NULL,'JP','29',NULL),(2145,NULL,'JP','30',NULL),(2146,NULL,'JP','31',NULL),(2147,NULL,'JP','32',NULL),(2148,NULL,'JP','33',NULL),(2149,NULL,'JP','34',NULL),(2150,NULL,'JP','35',NULL),(2151,NULL,'JP','36',NULL),(2152,NULL,'JP','37',NULL),(2153,NULL,'JP','38',NULL),(2154,NULL,'JP','39',NULL),(2155,NULL,'JP','40',NULL),(2156,NULL,'JP','41',NULL),(2157,NULL,'JP','42',NULL),(2158,NULL,'JP','43',NULL),(2159,NULL,'JP','44',NULL),(2160,NULL,'JP','45',NULL),(2161,NULL,'JP','46',NULL),(2162,NULL,'JP','47',NULL),(3786,NULL,'KE',NULL,NULL),(2163,NULL,'KE','110',NULL),(3787,NULL,'KG',NULL,NULL),(2164,NULL,'KG','C',NULL),(2165,NULL,'KG','GB',NULL),(2166,NULL,'KG','O',NULL),(2167,NULL,'KG','Y',NULL),(3788,NULL,'KH',NULL,NULL),(2168,NULL,'KH','1',NULL),(2169,NULL,'KH','12',NULL),(2170,NULL,'KH','18',NULL),(2171,NULL,'KH','2',NULL),(2172,NULL,'KH','20',NULL),(2173,NULL,'KH','5',NULL),(2174,NULL,'KH','6',NULL),(2175,NULL,'KH','8',NULL),(3789,NULL,'KI',NULL,NULL),(2176,NULL,'KI','G',NULL),(3790,NULL,'KM',NULL,NULL),(2177,NULL,'KM','A',NULL),(2178,NULL,'KM','G',NULL),(3791,NULL,'KN',NULL,NULL),(2179,NULL,'KN','02',NULL),(2180,NULL,'KN','03',NULL),(2181,NULL,'KN','08',NULL),(2182,NULL,'KN','10',NULL),(2183,NULL,'KN','13',NULL),(3792,NULL,'KP',NULL,NULL),(2184,NULL,'KP','01',NULL),(2185,NULL,'KP','04',NULL),(3793,NULL,'KR',NULL,NULL),(2186,NULL,'KR','11',NULL),(2187,NULL,'KR','26',NULL),(2188,NULL,'KR','27',NULL),(2189,NULL,'KR','28',NULL),(2190,NULL,'KR','29',NULL),(2191,NULL,'KR','30',NULL),(2192,NULL,'KR','31',NULL),(2193,NULL,'KR','41',NULL),(2194,NULL,'KR','42',NULL),(2195,NULL,'KR','43',NULL),(2196,NULL,'KR','44',NULL),(2197,NULL,'KR','45',NULL),(2198,NULL,'KR','46',NULL),(2199,NULL,'KR','47',NULL),(2200,NULL,'KR','48',NULL),(2201,NULL,'KR','49',NULL),(3794,NULL,'KW',NULL,NULL),(2202,NULL,'KW','AH',NULL),(2203,NULL,'KW','FA',NULL),(2204,NULL,'KW','HA',NULL),(2205,NULL,'KW','KU',NULL),(3795,NULL,'KZ',NULL,NULL),(2206,NULL,'KZ','AKM',NULL),(2207,NULL,'KZ','AKT',NULL),(2208,NULL,'KZ','ALA',NULL),(2209,NULL,'KZ','ALM',NULL),(2210,NULL,'KZ','AST',NULL),(2211,NULL,'KZ','ATY',NULL),(2212,NULL,'KZ','KAR',NULL),(2213,NULL,'KZ','KUS',NULL),(2214,NULL,'KZ','KZY',NULL),(2215,NULL,'KZ','MAN',NULL),(2216,NULL,'KZ','PAV',NULL),(2217,NULL,'KZ','SEV',NULL),(2218,NULL,'KZ','VOS',NULL),(2219,NULL,'KZ','YUZ',NULL),(2220,NULL,'KZ','ZAP',NULL),(2221,NULL,'KZ','ZHA',NULL),(3796,NULL,'LA',NULL,NULL),(2222,NULL,'LA','KH',NULL),(2223,NULL,'LA','VT',NULL),(3797,NULL,'LB',NULL,NULL),(2224,NULL,'LB','AK',NULL),(2225,NULL,'LB','AS',NULL),(2226,NULL,'LB','BA',NULL),(2227,NULL,'LB','BH',NULL),(2228,NULL,'LB','BI',NULL),(2229,NULL,'LB','JA',NULL),(2230,NULL,'LB','JL',NULL),(3798,NULL,'LC',NULL,NULL),(2231,NULL,'LC','AR',NULL),(2232,NULL,'LC','CA',NULL),(2233,NULL,'LC','CH',NULL),(2234,NULL,'LC','DE',NULL),(2235,NULL,'LC','GI',NULL),(2236,NULL,'LC','MI',NULL),(2237,NULL,'LC','SO',NULL),(2238,NULL,'LC','VF',NULL),(3799,NULL,'LI',NULL,NULL),(2239,NULL,'LI','01',NULL),(2240,NULL,'LI','02',NULL),(2241,NULL,'LI','03',NULL),(2242,NULL,'LI','04',NULL),(2243,NULL,'LI','05',NULL),(2244,NULL,'LI','06',NULL),(2245,NULL,'LI','07',NULL),(2246,NULL,'LI','08',NULL),(2247,NULL,'LI','09',NULL),(2248,NULL,'LI','10',NULL),(2249,NULL,'LI','11',NULL),(3800,NULL,'LK',NULL,NULL),(2250,NULL,'LK','1',NULL),(2251,NULL,'LK','2',NULL),(2252,NULL,'LK','3',NULL),(2253,NULL,'LK','4',NULL),(2254,NULL,'LK','5',NULL),(2255,NULL,'LK','7',NULL),(2256,NULL,'LK','9',NULL),(3801,NULL,'LR',NULL,NULL),(2257,NULL,'LR','MO',NULL),(2258,NULL,'LR','NI',NULL),(3802,NULL,'LS',NULL,NULL),(2259,NULL,'LS','A',NULL),(1078,NULL,'LT',NULL,NULL),(2260,NULL,'LT','AL',NULL),(2261,NULL,'LT','KL',NULL),(2262,NULL,'LT','KU',NULL),(2263,NULL,'LT','MR',NULL),(2264,NULL,'LT','PN',NULL),(2265,NULL,'LT','SA',NULL),(2266,NULL,'LT','TA',NULL),(2267,NULL,'LT','TE',NULL),(2268,NULL,'LT','UT',NULL),(2269,NULL,'LT','VL',NULL),(3803,NULL,'LU',NULL,NULL),(2270,NULL,'LU','D',NULL),(2271,NULL,'LU','G',NULL),(2272,NULL,'LU','L',NULL),(1076,NULL,'LV',NULL,NULL),(2273,NULL,'LV','001',NULL),(2274,NULL,'LV','002',NULL),(2275,NULL,'LV','003',NULL),(2276,NULL,'LV','005',NULL),(2277,NULL,'LV','007',NULL),(2278,NULL,'LV','011',NULL),(2279,NULL,'LV','012',NULL),(2280,NULL,'LV','013',NULL),(2281,NULL,'LV','015',NULL),(2282,NULL,'LV','016',NULL),(2283,NULL,'LV','018',NULL),(2284,NULL,'LV','020',NULL),(2285,NULL,'LV','022',NULL),(2286,NULL,'LV','023',NULL),(2287,NULL,'LV','025',NULL),(2288,NULL,'LV','026',NULL),(2289,NULL,'LV','027',NULL),(2290,NULL,'LV','029',NULL),(2291,NULL,'LV','031',NULL),(2292,NULL,'LV','032',NULL),(2293,NULL,'LV','033',NULL),(2294,NULL,'LV','034',NULL),(2295,NULL,'LV','035',NULL),(2296,NULL,'LV','037',NULL),(2297,NULL,'LV','039',NULL),(2298,NULL,'LV','041',NULL),(2299,NULL,'LV','042',NULL),(2300,NULL,'LV','043',NULL),(2301,NULL,'LV','047',NULL),(2302,NULL,'LV','048',NULL),(2303,NULL,'LV','050',NULL),(2304,NULL,'LV','051',NULL),(2305,NULL,'LV','052',NULL),(2306,NULL,'LV','053',NULL),(2307,NULL,'LV','054',NULL),(2308,NULL,'LV','055',NULL),(2309,NULL,'LV','056',NULL),(2310,NULL,'LV','057',NULL),(2311,NULL,'LV','058',NULL),(2312,NULL,'LV','059',NULL),(2313,NULL,'LV','060',NULL),(2314,NULL,'LV','061',NULL),(2315,NULL,'LV','062',NULL),(2316,NULL,'LV','067',NULL),(2317,NULL,'LV','068',NULL),(2318,NULL,'LV','069',NULL),(2319,NULL,'LV','073',NULL),(2320,NULL,'LV','079',NULL),(2321,NULL,'LV','082',NULL),(2322,NULL,'LV','084',NULL),(2323,NULL,'LV','087',NULL),(2324,NULL,'LV','088',NULL),(2325,NULL,'LV','091',NULL),(2326,NULL,'LV','094',NULL),(2327,NULL,'LV','095',NULL),(2328,NULL,'LV','097',NULL),(2329,NULL,'LV','099',NULL),(2330,NULL,'LV','101',NULL),(2331,NULL,'LV','102',NULL),(2332,NULL,'LV','105',NULL),(2333,NULL,'LV','106',NULL),(2334,NULL,'LV','107',NULL),(2335,NULL,'LV','108',NULL),(2336,NULL,'LV','109',NULL),(2337,NULL,'LV','110',NULL),(2338,NULL,'LV','JEL',NULL),(2339,NULL,'LV','JUR',NULL),(2340,NULL,'LV','LPX',NULL),(2341,NULL,'LV','REZ',NULL),(2342,NULL,'LV','RIX',NULL),(2343,NULL,'LV','VEN',NULL),(2344,NULL,'LV','VMR',NULL),(1077,NULL,'LY',NULL,NULL),(2345,NULL,'LY','BA',NULL),(2346,NULL,'LY','JU',NULL),(2347,NULL,'LY','MI',NULL),(2348,NULL,'LY','NL',NULL),(2349,NULL,'LY','SB',NULL),(2350,NULL,'LY','TB',NULL),(2351,NULL,'LY','ZA',NULL),(3804,NULL,'MA',NULL,NULL),(2352,NULL,'MA','01',NULL),(2353,NULL,'MA','02',NULL),(2354,NULL,'MA','03',NULL),(2355,NULL,'MA','04',NULL),(2356,NULL,'MA','05',NULL),(2357,NULL,'MA','06',NULL),(2358,NULL,'MA','07',NULL),(2359,NULL,'MA','08',NULL),(2360,NULL,'MA','09',NULL),(2361,NULL,'MA','10',NULL),(2362,NULL,'MA','11',NULL),(2363,NULL,'MA','12',NULL),(2364,NULL,'MA','13',NULL),(2365,NULL,'MA','14',NULL),(2366,NULL,'MA','15',NULL),(1080,NULL,'MC',NULL,NULL),(3805,NULL,'MD',NULL,NULL),(2367,NULL,'MD','AN',NULL),(2368,NULL,'MD','BA',NULL),(2369,NULL,'MD','BD',NULL),(2370,NULL,'MD','BR',NULL),(2371,NULL,'MD','BS',NULL),(2372,NULL,'MD','CA',NULL),(2373,NULL,'MD','CL',NULL),(2374,NULL,'MD','CM',NULL),(2375,NULL,'MD','CR',NULL),(2376,NULL,'MD','CS',NULL),(2377,NULL,'MD','CT',NULL),(2378,NULL,'MD','CU',NULL),(2379,NULL,'MD','DO',NULL),(2380,NULL,'MD','DR',NULL),(2381,NULL,'MD','DU',NULL),(2382,NULL,'MD','ED',NULL),(2383,NULL,'MD','FA',NULL),(2384,NULL,'MD','FL',NULL),(2385,NULL,'MD','GA',NULL),(2386,NULL,'MD','GL',NULL),(2387,NULL,'MD','HI',NULL),(2388,NULL,'MD','IA',NULL),(2389,NULL,'MD','LE',NULL),(2390,NULL,'MD','NI',NULL),(2391,NULL,'MD','OC',NULL),(2392,NULL,'MD','OR',NULL),(2393,NULL,'MD','RE',NULL),(2394,NULL,'MD','SD',NULL),(2395,NULL,'MD','SI',NULL),(2396,NULL,'MD','SN',NULL),(2397,NULL,'MD','SO',NULL),(2398,NULL,'MD','ST',NULL),(2399,NULL,'MD','SV',NULL),(2400,NULL,'MD','TA',NULL),(2401,NULL,'MD','TE',NULL),(2402,NULL,'MD','UN',NULL),(3806,NULL,'ME',NULL,NULL),(2403,NULL,'ME','05',NULL),(2404,NULL,'ME','06',NULL),(2405,NULL,'ME','08',NULL),(2406,NULL,'ME','10',NULL),(2407,NULL,'ME','12',NULL),(2408,NULL,'ME','14',NULL),(2409,NULL,'ME','16',NULL),(2410,NULL,'ME','19',NULL),(2411,NULL,'ME','20',NULL),(3807,NULL,'MH',NULL,NULL),(2412,NULL,'MH','MAJ',NULL),(3808,NULL,'MK',NULL,NULL),(2413,NULL,'MK','03',NULL),(2414,NULL,'MK','04',NULL),(2415,NULL,'MK','05',NULL),(2416,NULL,'MK','06',NULL),(2417,NULL,'MK','10',NULL),(2418,NULL,'MK','13',NULL),(2419,NULL,'MK','14',NULL),(2420,NULL,'MK','18',NULL),(2421,NULL,'MK','19',NULL),(2422,NULL,'MK','21',NULL),(2423,NULL,'MK','23',NULL),(2424,NULL,'MK','25',NULL),(2425,NULL,'MK','26',NULL),(2426,NULL,'MK','36',NULL),(2427,NULL,'MK','38',NULL),(2428,NULL,'MK','40',NULL),(2429,NULL,'MK','42',NULL),(2430,NULL,'MK','43',NULL),(2431,NULL,'MK','44',NULL),(2432,NULL,'MK','46',NULL),(2433,NULL,'MK','47',NULL),(2434,NULL,'MK','51',NULL),(2435,NULL,'MK','52',NULL),(2436,NULL,'MK','54',NULL),(2437,NULL,'MK','56',NULL),(2438,NULL,'MK','58',NULL),(2439,NULL,'MK','62',NULL),(2440,NULL,'MK','63',NULL),(2441,NULL,'MK','64',NULL),(2442,NULL,'MK','66',NULL),(2443,NULL,'MK','69',NULL),(2444,NULL,'MK','70',NULL),(2445,NULL,'MK','71',NULL),(2446,NULL,'MK','72',NULL),(2447,NULL,'MK','76',NULL),(2448,NULL,'MK','79',NULL),(2449,NULL,'MK','82',NULL),(3809,NULL,'ML',NULL,NULL),(2450,NULL,'ML','1',NULL),(2451,NULL,'ML','3',NULL),(2452,NULL,'ML','BKO',NULL),(3810,NULL,'MM',NULL,NULL),(2453,NULL,'MM','03',NULL),(2454,NULL,'MM','04',NULL),(2455,NULL,'MM','06',NULL),(2456,NULL,'MM','13',NULL),(2457,NULL,'MM','17',NULL),(3811,NULL,'MN',NULL,NULL),(2458,NULL,'MN','035',NULL),(2459,NULL,'MN','037',NULL),(2460,NULL,'MN','039',NULL),(2461,NULL,'MN','041',NULL),(2462,NULL,'MN','043',NULL),(2463,NULL,'MN','047',NULL),(2464,NULL,'MN','049',NULL),(2465,NULL,'MN','051',NULL),(2466,NULL,'MN','053',NULL),(2467,NULL,'MN','055',NULL),(2468,NULL,'MN','057',NULL),(2469,NULL,'MN','059',NULL),(2470,NULL,'MN','061',NULL),(2471,NULL,'MN','063',NULL),(2472,NULL,'MN','064',NULL),(2473,NULL,'MN','065',NULL),(2474,NULL,'MN','067',NULL),(2475,NULL,'MN','069',NULL),(2476,NULL,'MN','071',NULL),(2477,NULL,'MN','073',NULL),(2478,NULL,'MN','1',NULL),(3812,NULL,'MP',NULL,NULL),(2479,NULL,'MP','R',NULL),(2480,NULL,'MP','S',NULL),(2481,NULL,'MP','T',NULL),(3813,NULL,'MR',NULL,NULL),(2482,NULL,'MR','06',NULL),(2483,NULL,'MR','NKC',NULL),(3814,NULL,'MT',NULL,NULL),(2484,NULL,'MT','01',NULL),(2485,NULL,'MT','02',NULL),(2486,NULL,'MT','03',NULL),(2487,NULL,'MT','04',NULL),(2488,NULL,'MT','05',NULL),(2489,NULL,'MT','06',NULL),(2490,NULL,'MT','07',NULL),(2491,NULL,'MT','08',NULL),(2492,NULL,'MT','09',NULL),(2493,NULL,'MT','11',NULL),(2494,NULL,'MT','12',NULL),(2495,NULL,'MT','13',NULL),(2496,NULL,'MT','14',NULL),(2497,NULL,'MT','15',NULL),(2498,NULL,'MT','16',NULL),(2499,NULL,'MT','17',NULL),(2500,NULL,'MT','18',NULL),(2501,NULL,'MT','19',NULL),(2502,NULL,'MT','20',NULL),(2503,NULL,'MT','21',NULL),(2504,NULL,'MT','22',NULL),(2505,NULL,'MT','23',NULL),(2506,NULL,'MT','24',NULL),(2507,NULL,'MT','25',NULL),(2508,NULL,'MT','26',NULL),(2509,NULL,'MT','27',NULL),(2510,NULL,'MT','28',NULL),(2511,NULL,'MT','29',NULL),(2512,NULL,'MT','30',NULL),(2513,NULL,'MT','31',NULL),(2514,NULL,'MT','32',NULL),(2515,NULL,'MT','33',NULL),(2516,NULL,'MT','34',NULL),(2517,NULL,'MT','35',NULL),(2518,NULL,'MT','36',NULL),(2519,NULL,'MT','37',NULL),(2520,NULL,'MT','38',NULL),(2521,NULL,'MT','39',NULL),(2522,NULL,'MT','41',NULL),(2523,NULL,'MT','42',NULL),(2524,NULL,'MT','43',NULL),(2525,NULL,'MT','44',NULL),(2526,NULL,'MT','45',NULL),(2527,NULL,'MT','46',NULL),(2528,NULL,'MT','47',NULL),(2529,NULL,'MT','48',NULL),(2530,NULL,'MT','49',NULL),(2531,NULL,'MT','51',NULL),(2532,NULL,'MT','52',NULL),(2533,NULL,'MT','53',NULL),(2534,NULL,'MT','54',NULL),(2535,NULL,'MT','55',NULL),(2536,NULL,'MT','56',NULL),(2537,NULL,'MT','57',NULL),(2538,NULL,'MT','58',NULL),(2539,NULL,'MT','59',NULL),(2540,NULL,'MT','60',NULL),(2541,NULL,'MT','61',NULL),(2542,NULL,'MT','62',NULL),(2543,NULL,'MT','63',NULL),(2544,NULL,'MT','64',NULL),(2545,NULL,'MT','65',NULL),(2546,NULL,'MT','66',NULL),(2547,NULL,'MT','67',NULL),(2548,NULL,'MT','68',NULL),(3815,NULL,'MU',NULL,NULL),(2549,NULL,'MU','BL',NULL),(2550,NULL,'MU','FL',NULL),(2551,NULL,'MU','GP',NULL),(2552,NULL,'MU','MO',NULL),(2553,NULL,'MU','PA',NULL),(2554,NULL,'MU','PL',NULL),(2555,NULL,'MU','PW',NULL),(2556,NULL,'MU','RO',NULL),(2557,NULL,'MU','RR',NULL),(2558,NULL,'MU','SA',NULL),(3816,NULL,'MV',NULL,NULL),(2559,NULL,'MV','MLE',NULL),(3817,NULL,'MW',NULL,NULL),(2560,NULL,'MW','C',NULL),(2561,NULL,'MW','N',NULL),(2562,NULL,'MW','S',NULL),(1079,NULL,'MX',NULL,NULL),(2563,NULL,'MX','AGU',NULL),(2564,NULL,'MX','BCN',NULL),(2565,NULL,'MX','BCS',NULL),(2566,NULL,'MX','CAM',NULL),(2567,NULL,'MX','CHH',NULL),(2568,NULL,'MX','CHP',NULL),(2569,NULL,'MX','COA',NULL),(2570,NULL,'MX','COL',NULL),(2571,NULL,'MX','DIF',NULL),(2572,NULL,'MX','DUR',NULL),(2573,NULL,'MX','GRO',NULL),(2574,NULL,'MX','GUA',NULL),(2575,NULL,'MX','HID',NULL),(2576,NULL,'MX','JAL',NULL),(2577,NULL,'MX','MEX',NULL),(2578,NULL,'MX','MIC',NULL),(2579,NULL,'MX','MOR',NULL),(2580,NULL,'MX','NAY',NULL),(2581,NULL,'MX','NLE',NULL),(2582,NULL,'MX','OAX',NULL),(2583,NULL,'MX','PUE',NULL),(2584,NULL,'MX','QUE',NULL),(2585,NULL,'MX','ROO',NULL),(2586,NULL,'MX','SIN',NULL),(2587,NULL,'MX','SLP',NULL),(2588,NULL,'MX','SON',NULL),(2589,NULL,'MX','TAB',NULL),(2590,NULL,'MX','TAM',NULL),(2591,NULL,'MX','TLA',NULL),(2592,NULL,'MX','VER',NULL),(2593,NULL,'MX','YUC',NULL),(2594,NULL,'MX','ZAC',NULL),(3818,NULL,'MY',NULL,NULL),(2595,NULL,'MY','01',NULL),(2596,NULL,'MY','02',NULL),(2597,NULL,'MY','03',NULL),(2598,NULL,'MY','04',NULL),(2599,NULL,'MY','05',NULL),(2600,NULL,'MY','06',NULL),(2601,NULL,'MY','07',NULL),(2602,NULL,'MY','08',NULL),(2603,NULL,'MY','09',NULL),(2604,NULL,'MY','10',NULL),(2605,NULL,'MY','11',NULL),(2606,NULL,'MY','12',NULL),(2607,NULL,'MY','13',NULL),(2608,NULL,'MY','14',NULL),(2609,NULL,'MY','15',NULL),(2610,NULL,'MY','16',NULL),(3819,NULL,'MZ',NULL,NULL),(2611,NULL,'MZ','A',NULL),(2612,NULL,'MZ','L',NULL),(2613,NULL,'MZ','MPM',NULL),(2614,NULL,'MZ','N',NULL),(2615,NULL,'MZ','P',NULL),(2616,NULL,'MZ','Q',NULL),(2617,NULL,'MZ','S',NULL),(2618,NULL,'MZ','T',NULL),(3820,NULL,'NA',NULL,NULL),(2619,NULL,'NA','CA',NULL),(2620,NULL,'NA','ER',NULL),(2621,NULL,'NA','HA',NULL),(2622,NULL,'NA','KA',NULL),(2623,NULL,'NA','KH',NULL),(2624,NULL,'NA','KU',NULL),(2625,NULL,'NA','OD',NULL),(2626,NULL,'NA','OH',NULL),(2627,NULL,'NA','ON',NULL),(2628,NULL,'NA','OS',NULL),(2629,NULL,'NA','OT',NULL),(3821,NULL,'NC',NULL,NULL),(2630,NULL,'NC','N',NULL),(2631,NULL,'NC','S',NULL),(3822,NULL,'NE',NULL,NULL),(2632,NULL,'NE','1',NULL),(2633,NULL,'NE','4',NULL),(2634,NULL,'NE','8',NULL),(3823,NULL,'NG',NULL,NULL),(2635,NULL,'NG','AB',NULL),(2636,NULL,'NG','AD',NULL),(2637,NULL,'NG','AK',NULL),(2638,NULL,'NG','AN',NULL),(2639,NULL,'NG','BA',NULL),(2640,NULL,'NG','BE',NULL),(2641,NULL,'NG','BY',NULL),(2642,NULL,'NG','CR',NULL),(2643,NULL,'NG','DE',NULL),(2644,NULL,'NG','EB',NULL),(2645,NULL,'NG','ED',NULL),(2646,NULL,'NG','EK',NULL),(2647,NULL,'NG','EN',NULL),(2648,NULL,'NG','FC',NULL),(2649,NULL,'NG','GO',NULL),(2650,NULL,'NG','IM',NULL),(2651,NULL,'NG','KD',NULL),(2652,NULL,'NG','KE',NULL),(2653,NULL,'NG','KN',NULL),(2654,NULL,'NG','KO',NULL),(2655,NULL,'NG','KT',NULL),(2656,NULL,'NG','KW',NULL),(2657,NULL,'NG','LA',NULL),(2658,NULL,'NG','NA',NULL),(2659,NULL,'NG','NI',NULL),(2660,NULL,'NG','OG',NULL),(2661,NULL,'NG','ON',NULL),(2662,NULL,'NG','OS',NULL),(2663,NULL,'NG','OY',NULL),(2664,NULL,'NG','PL',NULL),(2665,NULL,'NG','RI',NULL),(2666,NULL,'NG','SO',NULL),(2667,NULL,'NG','TA',NULL),(2668,NULL,'NG','YO',NULL),(2669,NULL,'NG','ZA',NULL),(3824,NULL,'NI',NULL,NULL),(2670,NULL,'NI','AS',NULL),(2671,NULL,'NI','BO',NULL),(2672,NULL,'NI','CA',NULL),(2673,NULL,'NI','CI',NULL),(2674,NULL,'NI','CO',NULL),(2675,NULL,'NI','ES',NULL),(2676,NULL,'NI','GR',NULL),(2677,NULL,'NI','JI',NULL),(2678,NULL,'NI','LE',NULL),(2679,NULL,'NI','MN',NULL),(2680,NULL,'NI','MS',NULL),(2681,NULL,'NI','MT',NULL),(2682,NULL,'NI','NS',NULL),(2683,NULL,'NI','RI',NULL),(2684,NULL,'NI','SJ',NULL),(3825,NULL,'NL',NULL,NULL),(2685,NULL,'NL','DR',NULL),(2686,NULL,'NL','FL',NULL),(2687,NULL,'NL','FR',NULL),(2688,NULL,'NL','GE',NULL),(2689,NULL,'NL','GR',NULL),(2690,NULL,'NL','LI',NULL),(2691,NULL,'NL','NB',NULL),(2692,NULL,'NL','NH',NULL),(2693,NULL,'NL','OV',NULL),(2694,NULL,'NL','UT',NULL),(2695,NULL,'NL','ZE',NULL),(2696,NULL,'NL','ZH',NULL),(1057,NULL,'NO',NULL,NULL),(1083,NULL,'NO',NULL,NULL),(2697,NULL,'NO','01',NULL),(2698,NULL,'NO','02',NULL),(2699,NULL,'NO','03',NULL),(2700,NULL,'NO','04',NULL),(2701,NULL,'NO','05',NULL),(2702,NULL,'NO','06',NULL),(2703,NULL,'NO','07',NULL),(2704,NULL,'NO','08',NULL),(2705,NULL,'NO','09',NULL),(2706,NULL,'NO','10',NULL),(2707,NULL,'NO','11',NULL),(2708,NULL,'NO','12',NULL),(2709,NULL,'NO','14',NULL),(2710,NULL,'NO','15',NULL),(2711,NULL,'NO','16',NULL),(2712,NULL,'NO','17',NULL),(2713,NULL,'NO','18',NULL),(2714,NULL,'NO','19',NULL),(2715,NULL,'NO','20',NULL),(1082,NULL,'NP',NULL,NULL),(2716,NULL,'NP','1',NULL),(2717,NULL,'NP','2',NULL),(2718,NULL,'NP','3',NULL),(2719,NULL,'NP','4',NULL),(3826,NULL,'NR',NULL,NULL),(2720,NULL,'NR','02',NULL),(1081,NULL,'NZ',NULL,NULL),(2721,NULL,'NZ','AUK',NULL),(2722,NULL,'NZ','BOP',NULL),(2723,NULL,'NZ','CAN',NULL),(2724,NULL,'NZ','CIT',NULL),(2725,NULL,'NZ','GIS',NULL),(2726,NULL,'NZ','HKB',NULL),(2727,NULL,'NZ','MBH',NULL),(2728,NULL,'NZ','MWT',NULL),(2729,NULL,'NZ','NSN',NULL),(2730,NULL,'NZ','NTL',NULL),(2731,NULL,'NZ','OTA',NULL),(2732,NULL,'NZ','STL',NULL),(2733,NULL,'NZ','TAS',NULL),(2734,NULL,'NZ','TKI',NULL),(2735,NULL,'NZ','WGN',NULL),(2736,NULL,'NZ','WKO',NULL),(2737,NULL,'NZ','WTC',NULL),(3827,NULL,'OM',NULL,NULL),(2738,NULL,'OM','BU',NULL),(2739,NULL,'OM','DA',NULL),(2740,NULL,'OM','MA',NULL),(2741,NULL,'OM','SH',NULL),(2742,NULL,'OM','ZU',NULL),(3828,NULL,'PA',NULL,NULL),(2743,NULL,'PA','1',NULL),(2744,NULL,'PA','2',NULL),(2745,NULL,'PA','3',NULL),(2746,NULL,'PA','4',NULL),(2747,NULL,'PA','5',NULL),(2748,NULL,'PA','6',NULL),(2749,NULL,'PA','7',NULL),(2750,NULL,'PA','8',NULL),(2751,NULL,'PA','9',NULL),(2752,NULL,'PA','EM',NULL),(2753,NULL,'PA','KY',NULL),(2754,NULL,'PA','NB',NULL),(3829,NULL,'PE',NULL,NULL),(2755,NULL,'PE','AMA',NULL),(2756,NULL,'PE','ANC',NULL),(2757,NULL,'PE','APU',NULL),(2758,NULL,'PE','ARE',NULL),(2759,NULL,'PE','AYA',NULL),(2760,NULL,'PE','CAJ',NULL),(2761,NULL,'PE','CAL',NULL),(2762,NULL,'PE','CUS',NULL),(2763,NULL,'PE','HUC',NULL),(2764,NULL,'PE','HUV',NULL),(2765,NULL,'PE','ICA',NULL),(2766,NULL,'PE','JUN',NULL),(2767,NULL,'PE','LAL',NULL),(2768,NULL,'PE','LAM',NULL),(2769,NULL,'PE','LIM',NULL),(2770,NULL,'PE','LMA',NULL),(2771,NULL,'PE','LOR',NULL),(2772,NULL,'PE','MOQ',NULL),(2773,NULL,'PE','PAS',NULL),(2774,NULL,'PE','PIU',NULL),(2775,NULL,'PE','PUN',NULL),(2776,NULL,'PE','SAM',NULL),(2777,NULL,'PE','TAC',NULL),(2778,NULL,'PE','TUM',NULL),(2779,NULL,'PE','UCA',NULL),(3830,NULL,'PF',NULL,NULL),(2780,NULL,'PF','T',NULL),(2781,NULL,'PF','V',NULL),(3831,NULL,'PG',NULL,NULL),(2782,NULL,'PG','CPK',NULL),(2783,NULL,'PG','CPM',NULL),(2784,NULL,'PG','EBR',NULL),(2785,NULL,'PG','EHG',NULL),(2786,NULL,'PG','EPW',NULL),(2787,NULL,'PG','ESW',NULL),(2788,NULL,'PG','GPK',NULL),(2789,NULL,'PG','MBA',NULL),(2790,NULL,'PG','MPL',NULL),(2791,NULL,'PG','MPM',NULL),(2792,NULL,'PG','MRL',NULL),(2793,NULL,'PG','NCD',NULL),(2794,NULL,'PG','NIK',NULL),(2795,NULL,'PG','NPP',NULL),(2796,NULL,'PG','NSA',NULL),(2797,NULL,'PG','SAN',NULL),(2798,NULL,'PG','SHM',NULL),(2799,NULL,'PG','WBK',NULL),(2800,NULL,'PG','WHM',NULL),(2801,NULL,'PG','WPD',NULL),(3832,NULL,'PH',NULL,NULL),(2802,NULL,'PH','00',NULL),(2803,NULL,'PH','01',NULL),(2804,NULL,'PH','02',NULL),(2805,NULL,'PH','03',NULL),(2806,NULL,'PH','05',NULL),(2807,NULL,'PH','06',NULL),(2808,NULL,'PH','07',NULL),(2809,NULL,'PH','08',NULL),(2810,NULL,'PH','09',NULL),(2811,NULL,'PH','10',NULL),(2812,NULL,'PH','11',NULL),(2813,NULL,'PH','12',NULL),(2814,NULL,'PH','13',NULL),(2815,NULL,'PH','14',NULL),(2816,NULL,'PH','15',NULL),(2817,NULL,'PH','40',NULL),(2818,NULL,'PH','41',NULL),(2819,NULL,'PH','AUR',NULL),(2820,NULL,'PH','CAV',NULL),(2821,NULL,'PH','CEB',NULL),(2822,NULL,'PH','ILS',NULL),(2823,NULL,'PH','LAG',NULL),(2824,NULL,'PH','LUN',NULL),(2825,NULL,'PH','PAM',NULL),(2826,NULL,'PH','PAN',NULL),(2827,NULL,'PH','RIZ',NULL),(2828,NULL,'PH','SCO',NULL),(2829,NULL,'PH','TAR',NULL),(2830,NULL,'PH','ZMB',NULL),(1084,NULL,'PK',NULL,NULL),(2831,NULL,'PK','BA',NULL),(2832,NULL,'PK','IS',NULL),(2833,NULL,'PK','JK',NULL),(2834,NULL,'PK','NA',NULL),(2835,NULL,'PK','NW',NULL),(2836,NULL,'PK','PB',NULL),(2837,NULL,'PK','SD',NULL),(2838,NULL,'PK','TA',NULL),(1085,NULL,'PL',NULL,NULL),(2839,NULL,'PL','DS',NULL),(2840,NULL,'PL','KP',NULL),(2841,NULL,'PL','LB',NULL),(2842,NULL,'PL','LD',NULL),(2843,NULL,'PL','LU',NULL),(2844,NULL,'PL','MA',NULL),(2845,NULL,'PL','MZ',NULL),(2846,NULL,'PL','OP',NULL),(2847,NULL,'PL','PD',NULL),(2848,NULL,'PL','PK',NULL),(2849,NULL,'PL','PM',NULL),(2850,NULL,'PL','SK',NULL),(2851,NULL,'PL','SL',NULL),(2852,NULL,'PL','WN',NULL),(2853,NULL,'PL','WP',NULL),(2854,NULL,'PL','ZP',NULL),(3833,NULL,'PM',NULL,NULL),(2855,NULL,'PM','M',NULL),(2856,NULL,'PM','P',NULL),(3714,NULL,'PR',NULL,NULL),(3834,NULL,'PR',NULL,NULL),(1086,NULL,'PT',NULL,NULL),(2857,NULL,'PT','01',NULL),(2858,NULL,'PT','02',NULL),(2859,NULL,'PT','03',NULL),(2860,NULL,'PT','04',NULL),(2861,NULL,'PT','05',NULL),(2862,NULL,'PT','06',NULL),(2863,NULL,'PT','07',NULL),(2864,NULL,'PT','08',NULL),(2865,NULL,'PT','09',NULL),(2866,NULL,'PT','10',NULL),(2867,NULL,'PT','11',NULL),(2868,NULL,'PT','12',NULL),(2869,NULL,'PT','13',NULL),(2870,NULL,'PT','14',NULL),(2871,NULL,'PT','15',NULL),(2872,NULL,'PT','16',NULL),(2873,NULL,'PT','17',NULL),(2874,NULL,'PT','18',NULL),(2875,NULL,'PT','20',NULL),(2876,NULL,'PT','30',NULL),(3835,NULL,'PY',NULL,NULL),(2877,NULL,'PY','10',NULL),(2878,NULL,'PY','11',NULL),(2879,NULL,'PY','12',NULL),(2880,NULL,'PY','13',NULL),(2881,NULL,'PY','14',NULL),(2882,NULL,'PY','16',NULL),(2883,NULL,'PY','19',NULL),(2884,NULL,'PY','3',NULL),(2885,NULL,'PY','4',NULL),(2886,NULL,'PY','5',NULL),(2887,NULL,'PY','6',NULL),(2888,NULL,'PY','7',NULL),(2889,NULL,'PY','8',NULL),(2890,NULL,'PY','9',NULL),(2891,NULL,'PY','ASU',NULL),(3836,NULL,'QA',NULL,NULL),(2892,NULL,'QA','DA',NULL),(2893,NULL,'QA','KH',NULL),(2894,NULL,'QA','MS',NULL),(2895,NULL,'QA','RA',NULL),(2896,NULL,'QA','US',NULL),(2897,NULL,'QA','WA',NULL),(2898,NULL,'QA','ZA',NULL),(3837,NULL,'RO',NULL,NULL),(2899,NULL,'RO','AB',NULL),(2900,NULL,'RO','AG',NULL),(2901,NULL,'RO','AR',NULL),(2902,NULL,'RO','B',NULL),(2903,NULL,'RO','BC',NULL),(2904,NULL,'RO','BH',NULL),(2905,NULL,'RO','BN',NULL),(2906,NULL,'RO','BR',NULL),(2907,NULL,'RO','BT',NULL),(2908,NULL,'RO','BV',NULL),(2909,NULL,'RO','BZ',NULL),(2910,NULL,'RO','CJ',NULL),(2911,NULL,'RO','CL',NULL),(2912,NULL,'RO','CS',NULL),(2913,NULL,'RO','CT',NULL),(2914,NULL,'RO','CV',NULL),(2915,NULL,'RO','DB',NULL),(2916,NULL,'RO','DJ',NULL),(2917,NULL,'RO','GJ',NULL),(2918,NULL,'RO','GL',NULL),(2919,NULL,'RO','GR',NULL),(2920,NULL,'RO','HD',NULL),(2921,NULL,'RO','HR',NULL),(2922,NULL,'RO','IF',NULL),(2923,NULL,'RO','IL',NULL),(2924,NULL,'RO','IS',NULL),(2925,NULL,'RO','MH',NULL),(2926,NULL,'RO','MM',NULL),(2927,NULL,'RO','MS',NULL),(2928,NULL,'RO','NT',NULL),(2929,NULL,'RO','OT',NULL),(2930,NULL,'RO','PH',NULL),(2931,NULL,'RO','SB',NULL),(2932,NULL,'RO','SJ',NULL),(2933,NULL,'RO','SM',NULL),(2934,NULL,'RO','SV',NULL),(2935,NULL,'RO','TL',NULL),(2936,NULL,'RO','TM',NULL),(2937,NULL,'RO','TR',NULL),(2938,NULL,'RO','VL',NULL),(2939,NULL,'RO','VN',NULL),(2940,NULL,'RO','VS',NULL),(3838,NULL,'RS',NULL,NULL),(2941,NULL,'RS','VO',NULL),(3839,NULL,'RU',NULL,NULL),(2942,NULL,'RU','AD',NULL),(2943,NULL,'RU','AL',NULL),(2944,NULL,'RU','ALT',NULL),(2945,NULL,'RU','AMU',NULL),(2946,NULL,'RU','ARK',NULL),(2947,NULL,'RU','AST',NULL),(2948,NULL,'RU','BA',NULL),(2949,NULL,'RU','BEL',NULL),(2950,NULL,'RU','BRY',NULL),(2951,NULL,'RU','BU',NULL),(2952,NULL,'RU','CE',NULL),(2953,NULL,'RU','CHE',NULL),(2954,NULL,'RU','CHU',NULL),(2955,NULL,'RU','CU',NULL),(2956,NULL,'RU','DA',NULL),(2957,NULL,'RU','IN',NULL),(2958,NULL,'RU','IRK',NULL),(2959,NULL,'RU','IVA',NULL),(2960,NULL,'RU','KAM',NULL),(2961,NULL,'RU','KB',NULL),(2962,NULL,'RU','KC',NULL),(2963,NULL,'RU','KDA',NULL),(2964,NULL,'RU','KEM',NULL),(2965,NULL,'RU','KGD',NULL),(2966,NULL,'RU','KGN',NULL),(2967,NULL,'RU','KHA',NULL),(2968,NULL,'RU','KHM',NULL),(2969,NULL,'RU','KIR',NULL),(2970,NULL,'RU','KK',NULL),(2971,NULL,'RU','KL',NULL),(2972,NULL,'RU','KLU',NULL),(2973,NULL,'RU','KO',NULL),(2974,NULL,'RU','KOS',NULL),(2975,NULL,'RU','KR',NULL),(2976,NULL,'RU','KRS',NULL),(2977,NULL,'RU','KYA',NULL),(2978,NULL,'RU','LEN',NULL),(2979,NULL,'RU','LIP',NULL),(2980,NULL,'RU','MAG',NULL),(2981,NULL,'RU','ME',NULL),(2982,NULL,'RU','MO',NULL),(2983,NULL,'RU','MOS',NULL),(2984,NULL,'RU','MOW',NULL),(2985,NULL,'RU','MUR',NULL),(2986,NULL,'RU','NEN',NULL),(2987,NULL,'RU','NGR',NULL),(2988,NULL,'RU','NIZ',NULL),(2989,NULL,'RU','NVS',NULL),(2990,NULL,'RU','OMS',NULL),(2991,NULL,'RU','ORE',NULL),(2992,NULL,'RU','ORL',NULL),(2993,NULL,'RU','PER',NULL),(2994,NULL,'RU','PNZ',NULL),(2995,NULL,'RU','PRI',NULL),(2996,NULL,'RU','PSK',NULL),(2997,NULL,'RU','ROS',NULL),(2998,NULL,'RU','RYA',NULL),(2999,NULL,'RU','SA',NULL),(3000,NULL,'RU','SAK',NULL),(3001,NULL,'RU','SAM',NULL),(3002,NULL,'RU','SAR',NULL),(3003,NULL,'RU','SE',NULL),(3004,NULL,'RU','SMO',NULL),(3005,NULL,'RU','SPE',NULL),(3006,NULL,'RU','STA',NULL),(3007,NULL,'RU','SVE',NULL),(3008,NULL,'RU','TA',NULL),(3009,NULL,'RU','TAM',NULL),(3010,NULL,'RU','TOM',NULL),(3011,NULL,'RU','TUL',NULL),(3012,NULL,'RU','TVE',NULL),(3013,NULL,'RU','TY',NULL),(3014,NULL,'RU','TYU',NULL),(3015,NULL,'RU','UD',NULL),(3016,NULL,'RU','ULY',NULL),(3017,NULL,'RU','VGG',NULL),(3018,NULL,'RU','VLA',NULL),(3019,NULL,'RU','VLG',NULL),(3020,NULL,'RU','VOR',NULL),(3021,NULL,'RU','YAN',NULL),(3022,NULL,'RU','YAR',NULL),(3023,NULL,'RU','YEV',NULL),(3024,NULL,'RU','ZAB',NULL),(3840,NULL,'RW',NULL,NULL),(3025,NULL,'RW','01',NULL),(3841,NULL,'SA',NULL,NULL),(3026,NULL,'SA','01',NULL),(3027,NULL,'SA','02',NULL),(3028,NULL,'SA','03',NULL),(3029,NULL,'SA','04',NULL),(3030,NULL,'SA','05',NULL),(3031,NULL,'SA','06',NULL),(3032,NULL,'SA','07',NULL),(3033,NULL,'SA','08',NULL),(3034,NULL,'SA','09',NULL),(3035,NULL,'SA','10',NULL),(3036,NULL,'SA','11',NULL),(3037,NULL,'SA','12',NULL),(3038,NULL,'SA','14',NULL),(3842,NULL,'SB',NULL,NULL),(3039,NULL,'SB','GU',NULL),(3843,NULL,'SC',NULL,NULL),(3040,NULL,'SC','08',NULL),(3041,NULL,'SC','16',NULL),(3042,NULL,'SC','23',NULL),(3844,NULL,'SD',NULL,NULL),(3043,NULL,'SD','DN',NULL),(3044,NULL,'SD','DS',NULL),(3045,NULL,'SD','GZ',NULL),(3046,NULL,'SD','KA',NULL),(3047,NULL,'SD','KH',NULL),(3048,NULL,'SD','KS',NULL),(3049,NULL,'SD','NB',NULL),(3050,NULL,'SD','NO',NULL),(3051,NULL,'SD','NR',NULL),(3052,NULL,'SD','SI',NULL),(1092,NULL,'SE',NULL,NULL),(3053,NULL,'SE','AB',NULL),(3054,NULL,'SE','AC',NULL),(3055,NULL,'SE','BD',NULL),(3056,NULL,'SE','C',NULL),(3057,NULL,'SE','D',NULL),(3058,NULL,'SE','E',NULL),(3059,NULL,'SE','F',NULL),(3060,NULL,'SE','G',NULL),(3061,NULL,'SE','H',NULL),(3062,NULL,'SE','I',NULL),(3063,NULL,'SE','K',NULL),(3064,NULL,'SE','M',NULL),(3065,NULL,'SE','N',NULL),(3066,NULL,'SE','O',NULL),(3067,NULL,'SE','S',NULL),(3068,NULL,'SE','T',NULL),(3069,NULL,'SE','U',NULL),(3070,NULL,'SE','W',NULL),(3071,NULL,'SE','X',NULL),(3072,NULL,'SE','Y',NULL),(3073,NULL,'SE','Z',NULL),(1087,NULL,'SG',NULL,NULL),(3074,NULL,'SG','01',NULL),(3075,NULL,'SG','03',NULL),(3845,NULL,'SI',NULL,NULL),(3076,NULL,'SI','001',NULL),(3077,NULL,'SI','002',NULL),(3078,NULL,'SI','003',NULL),(3079,NULL,'SI','004',NULL),(3080,NULL,'SI','005',NULL),(3081,NULL,'SI','006',NULL),(3082,NULL,'SI','007',NULL),(3083,NULL,'SI','008',NULL),(3084,NULL,'SI','009',NULL),(3085,NULL,'SI','010',NULL),(3086,NULL,'SI','011',NULL),(3087,NULL,'SI','012',NULL),(3088,NULL,'SI','013',NULL),(3089,NULL,'SI','015',NULL),(3090,NULL,'SI','016',NULL),(3091,NULL,'SI','017',NULL),(3092,NULL,'SI','018',NULL),(3093,NULL,'SI','019',NULL),(3094,NULL,'SI','021',NULL),(3095,NULL,'SI','022',NULL),(3096,NULL,'SI','023',NULL),(3097,NULL,'SI','024',NULL),(3098,NULL,'SI','025',NULL),(3099,NULL,'SI','026',NULL),(3100,NULL,'SI','027',NULL),(3101,NULL,'SI','028',NULL),(3102,NULL,'SI','029',NULL),(3103,NULL,'SI','030',NULL),(3104,NULL,'SI','031',NULL),(3105,NULL,'SI','032',NULL),(3106,NULL,'SI','034',NULL),(3107,NULL,'SI','036',NULL),(3108,NULL,'SI','037',NULL),(3109,NULL,'SI','038',NULL),(3110,NULL,'SI','039',NULL),(3111,NULL,'SI','040',NULL),(3112,NULL,'SI','041',NULL),(3113,NULL,'SI','043',NULL),(3114,NULL,'SI','044',NULL),(3115,NULL,'SI','045',NULL),(3116,NULL,'SI','047',NULL),(3117,NULL,'SI','048',NULL),(3118,NULL,'SI','049',NULL),(3119,NULL,'SI','050',NULL),(3120,NULL,'SI','052',NULL),(3121,NULL,'SI','053',NULL),(3122,NULL,'SI','054',NULL),(3123,NULL,'SI','055',NULL),(3124,NULL,'SI','057',NULL),(3125,NULL,'SI','058',NULL),(3126,NULL,'SI','059',NULL),(3127,NULL,'SI','060',NULL),(3128,NULL,'SI','061',NULL),(3129,NULL,'SI','062',NULL),(3130,NULL,'SI','063',NULL),(3131,NULL,'SI','064',NULL),(3132,NULL,'SI','065',NULL),(3133,NULL,'SI','068',NULL),(3134,NULL,'SI','069',NULL),(3135,NULL,'SI','070',NULL),(3136,NULL,'SI','071',NULL),(3137,NULL,'SI','072',NULL),(3138,NULL,'SI','074',NULL),(3139,NULL,'SI','075',NULL),(3140,NULL,'SI','076',NULL),(3141,NULL,'SI','077',NULL),(3142,NULL,'SI','078',NULL),(3143,NULL,'SI','079',NULL),(3144,NULL,'SI','080',NULL),(3145,NULL,'SI','081',NULL),(3146,NULL,'SI','082',NULL),(3147,NULL,'SI','083',NULL),(3148,NULL,'SI','084',NULL),(3149,NULL,'SI','085',NULL),(3150,NULL,'SI','086',NULL),(3151,NULL,'SI','087',NULL),(3152,NULL,'SI','089',NULL),(3153,NULL,'SI','090',NULL),(3154,NULL,'SI','092',NULL),(3155,NULL,'SI','093',NULL),(3156,NULL,'SI','094',NULL),(3157,NULL,'SI','095',NULL),(3158,NULL,'SI','096',NULL),(3159,NULL,'SI','097',NULL),(3160,NULL,'SI','098',NULL),(3161,NULL,'SI','099',NULL),(3162,NULL,'SI','100',NULL),(3163,NULL,'SI','101',NULL),(3164,NULL,'SI','102',NULL),(3165,NULL,'SI','103',NULL),(3166,NULL,'SI','104',NULL),(3167,NULL,'SI','105',NULL),(3168,NULL,'SI','106',NULL),(3169,NULL,'SI','108',NULL),(3170,NULL,'SI','109',NULL),(3171,NULL,'SI','110',NULL),(3172,NULL,'SI','111',NULL),(3173,NULL,'SI','112',NULL),(3174,NULL,'SI','113',NULL),(3175,NULL,'SI','114',NULL),(3176,NULL,'SI','117',NULL),(3177,NULL,'SI','118',NULL),(3178,NULL,'SI','119',NULL),(3179,NULL,'SI','120',NULL),(3180,NULL,'SI','121',NULL),(3181,NULL,'SI','122',NULL),(3182,NULL,'SI','123',NULL),(3183,NULL,'SI','124',NULL),(3184,NULL,'SI','125',NULL),(3185,NULL,'SI','126',NULL),(3186,NULL,'SI','127',NULL),(3187,NULL,'SI','128',NULL),(3188,NULL,'SI','129',NULL),(3189,NULL,'SI','130',NULL),(3190,NULL,'SI','131',NULL),(3191,NULL,'SI','132',NULL),(3192,NULL,'SI','133',NULL),(3193,NULL,'SI','134',NULL),(3194,NULL,'SI','135',NULL),(3195,NULL,'SI','136',NULL),(3196,NULL,'SI','137',NULL),(3197,NULL,'SI','138',NULL),(3198,NULL,'SI','139',NULL),(3199,NULL,'SI','140',NULL),(3200,NULL,'SI','141',NULL),(3201,NULL,'SI','142',NULL),(3202,NULL,'SI','143',NULL),(3203,NULL,'SI','144',NULL),(3204,NULL,'SI','146',NULL),(3205,NULL,'SI','147',NULL),(3206,NULL,'SI','148',NULL),(3207,NULL,'SI','150',NULL),(3208,NULL,'SI','151',NULL),(3209,NULL,'SI','153',NULL),(3210,NULL,'SI','154',NULL),(3211,NULL,'SI','156',NULL),(3212,NULL,'SI','157',NULL),(3213,NULL,'SI','159',NULL),(3214,NULL,'SI','160',NULL),(3215,NULL,'SI','162',NULL),(3216,NULL,'SI','164',NULL),(3217,NULL,'SI','166',NULL),(3218,NULL,'SI','167',NULL),(3219,NULL,'SI','168',NULL),(3220,NULL,'SI','169',NULL),(3221,NULL,'SI','171',NULL),(3222,NULL,'SI','172',NULL),(3223,NULL,'SI','173',NULL),(3224,NULL,'SI','174',NULL),(3225,NULL,'SI','175',NULL),(3226,NULL,'SI','178',NULL),(3227,NULL,'SI','179',NULL),(3228,NULL,'SI','181',NULL),(3229,NULL,'SI','183',NULL),(3230,NULL,'SI','185',NULL),(3231,NULL,'SI','186',NULL),(3232,NULL,'SI','188',NULL),(3233,NULL,'SI','189',NULL),(3234,NULL,'SI','190',NULL),(3235,NULL,'SI','192',NULL),(3236,NULL,'SI','194',NULL),(3237,NULL,'SI','195',NULL),(3238,NULL,'SI','198',NULL),(3239,NULL,'SI','199',NULL),(3240,NULL,'SI','200',NULL),(3241,NULL,'SI','201',NULL),(3242,NULL,'SI','202',NULL),(3243,NULL,'SI','203',NULL),(3244,NULL,'SI','204',NULL),(3245,NULL,'SI','206',NULL),(3246,NULL,'SI','208',NULL),(3247,NULL,'SI','209',NULL),(3248,NULL,'SI','210',NULL),(3249,NULL,'SI','215',NULL),(3846,NULL,'SJ',NULL,NULL),(3250,NULL,'SJ','21',NULL),(1088,NULL,'SK',NULL,NULL),(3251,NULL,'SK','BC',NULL),(3252,NULL,'SK','BL',NULL),(3253,NULL,'SK','KI',NULL),(3254,NULL,'SK','NI',NULL),(3255,NULL,'SK','PV',NULL),(3256,NULL,'SK','TA',NULL),(3257,NULL,'SK','TC',NULL),(3258,NULL,'SK','ZI',NULL),(3847,NULL,'SL',NULL,NULL),(3259,NULL,'SL','W',NULL),(3848,NULL,'SM',NULL,NULL),(3260,NULL,'SM','01',NULL),(3261,NULL,'SM','03',NULL),(3262,NULL,'SM','07',NULL),(3263,NULL,'SM','09',NULL),(3849,NULL,'SN',NULL,NULL),(3264,NULL,'SN','DK',NULL),(3265,NULL,'SN','FK',NULL),(3266,NULL,'SN','KA',NULL),(3267,NULL,'SN','KD',NULL),(3268,NULL,'SN','KE',NULL),(3269,NULL,'SN','KL',NULL),(3270,NULL,'SN','LG',NULL),(3271,NULL,'SN','SE',NULL),(3272,NULL,'SN','SL',NULL),(3273,NULL,'SN','TC',NULL),(3850,NULL,'SO',NULL,NULL),(3274,NULL,'SO','BN',NULL),(3275,NULL,'SO','GE',NULL),(3276,NULL,'SO','NU',NULL),(3277,NULL,'SO','WO',NULL),(3851,NULL,'SR',NULL,NULL),(3278,NULL,'SR','BR',NULL),(3279,NULL,'SR','CM',NULL),(3280,NULL,'SR','CR',NULL),(3281,NULL,'SR','MA',NULL),(3282,NULL,'SR','NI',NULL),(3283,NULL,'SR','PM',NULL),(3284,NULL,'SR','PR',NULL),(3285,NULL,'SR','SA',NULL),(3286,NULL,'SR','SI',NULL),(3287,NULL,'SR','WA',NULL),(3852,NULL,'SS',NULL,NULL),(3288,NULL,'SS','EC',NULL),(3853,NULL,'ST',NULL,NULL),(3289,NULL,'ST','S',NULL),(1056,NULL,'SV',NULL,NULL),(3290,NULL,'SV','AH',NULL),(3291,NULL,'SV','CH',NULL),(3292,NULL,'SV','CU',NULL),(3293,NULL,'SV','LI',NULL),(3294,NULL,'SV','MO',NULL),(3295,NULL,'SV','PA',NULL),(3296,NULL,'SV','SA',NULL),(3297,NULL,'SV','SM',NULL),(3298,NULL,'SV','SO',NULL),(3299,NULL,'SV','SS',NULL),(3300,NULL,'SV','SV',NULL),(3301,NULL,'SV','UN',NULL),(3302,NULL,'SV','US',NULL),(3854,NULL,'SY',NULL,NULL),(3303,NULL,'SY','DI',NULL),(3304,NULL,'SY','HL',NULL),(3305,NULL,'SY','HM',NULL),(3306,NULL,'SY','LA',NULL),(3307,NULL,'SY','QU',NULL),(3308,NULL,'SY','SU',NULL),(3309,NULL,'SY','TA',NULL),(1091,NULL,'SZ',NULL,NULL),(3310,NULL,'SZ','HH',NULL),(3311,NULL,'SZ','LU',NULL),(3312,NULL,'SZ','MA',NULL),(3855,NULL,'TD',NULL,NULL),(3313,NULL,'TD','CB',NULL),(3314,NULL,'TD','HL',NULL),(3315,NULL,'TD','LO',NULL),(3316,NULL,'TD','OD',NULL),(3856,NULL,'TG',NULL,NULL),(3317,NULL,'TG','M',NULL),(3318,NULL,'TG','S',NULL),(3857,NULL,'TH',NULL,NULL),(3319,NULL,'TH','10',NULL),(3320,NULL,'TH','11',NULL),(3321,NULL,'TH','12',NULL),(3322,NULL,'TH','13',NULL),(3323,NULL,'TH','14',NULL),(3324,NULL,'TH','16',NULL),(3325,NULL,'TH','17',NULL),(3326,NULL,'TH','18',NULL),(3327,NULL,'TH','19',NULL),(3328,NULL,'TH','20',NULL),(3329,NULL,'TH','21',NULL),(3330,NULL,'TH','22',NULL),(3331,NULL,'TH','23',NULL),(3332,NULL,'TH','24',NULL),(3333,NULL,'TH','25',NULL),(3334,NULL,'TH','26',NULL),(3335,NULL,'TH','27',NULL),(3336,NULL,'TH','30',NULL),(3337,NULL,'TH','31',NULL),(3338,NULL,'TH','32',NULL),(3339,NULL,'TH','33',NULL),(3340,NULL,'TH','34',NULL),(3341,NULL,'TH','35',NULL),(3342,NULL,'TH','36',NULL),(3343,NULL,'TH','37',NULL),(3344,NULL,'TH','39',NULL),(3345,NULL,'TH','40',NULL),(3346,NULL,'TH','41',NULL),(3347,NULL,'TH','42',NULL),(3348,NULL,'TH','44',NULL),(3349,NULL,'TH','45',NULL),(3350,NULL,'TH','46',NULL),(3351,NULL,'TH','47',NULL),(3352,NULL,'TH','49',NULL),(3353,NULL,'TH','50',NULL),(3354,NULL,'TH','51',NULL),(3355,NULL,'TH','52',NULL),(3356,NULL,'TH','53',NULL),(3357,NULL,'TH','54',NULL),(3358,NULL,'TH','55',NULL),(3359,NULL,'TH','56',NULL),(3360,NULL,'TH','57',NULL),(3361,NULL,'TH','58',NULL),(3362,NULL,'TH','60',NULL),(3363,NULL,'TH','61',NULL),(3364,NULL,'TH','62',NULL),(3365,NULL,'TH','63',NULL),(3366,NULL,'TH','64',NULL),(3367,NULL,'TH','65',NULL),(3368,NULL,'TH','66',NULL),(3369,NULL,'TH','67',NULL),(3370,NULL,'TH','70',NULL),(3371,NULL,'TH','71',NULL),(3372,NULL,'TH','72',NULL),(3373,NULL,'TH','73',NULL),(3374,NULL,'TH','74',NULL),(3375,NULL,'TH','75',NULL),(3376,NULL,'TH','76',NULL),(3377,NULL,'TH','77',NULL),(3378,NULL,'TH','80',NULL),(3379,NULL,'TH','81',NULL),(3380,NULL,'TH','82',NULL),(3381,NULL,'TH','83',NULL),(3382,NULL,'TH','84',NULL),(3383,NULL,'TH','85',NULL),(3384,NULL,'TH','86',NULL),(3385,NULL,'TH','90',NULL),(3386,NULL,'TH','91',NULL),(3387,NULL,'TH','92',NULL),(3388,NULL,'TH','93',NULL),(3389,NULL,'TH','94',NULL),(3390,NULL,'TH','95',NULL),(3391,NULL,'TH','96',NULL),(3858,NULL,'TJ',NULL,NULL),(3392,NULL,'TJ','GB',NULL),(3393,NULL,'TJ','SU',NULL),(3859,NULL,'TK',NULL,NULL),(3394,NULL,'TK','N',NULL),(3860,NULL,'TL',NULL,NULL),(3395,NULL,'TL','DI',NULL),(3861,NULL,'TM',NULL,NULL),(3396,NULL,'TM','A',NULL),(3862,NULL,'TN',NULL,NULL),(3397,NULL,'TN','11',NULL),(3398,NULL,'TN','12',NULL),(3399,NULL,'TN','13',NULL),(3400,NULL,'TN','14',NULL),(3401,NULL,'TN','21',NULL),(3402,NULL,'TN','22',NULL),(3403,NULL,'TN','23',NULL),(3404,NULL,'TN','31',NULL),(3405,NULL,'TN','32',NULL),(3406,NULL,'TN','33',NULL),(3407,NULL,'TN','34',NULL),(3408,NULL,'TN','41',NULL),(3409,NULL,'TN','42',NULL),(3410,NULL,'TN','43',NULL),(3411,NULL,'TN','51',NULL),(3412,NULL,'TN','52',NULL),(3413,NULL,'TN','53',NULL),(3414,NULL,'TN','61',NULL),(3415,NULL,'TN','71',NULL),(3416,NULL,'TN','72',NULL),(3417,NULL,'TN','73',NULL),(3418,NULL,'TN','81',NULL),(3419,NULL,'TN','83',NULL),(3863,NULL,'TO',NULL,NULL),(3420,NULL,'TO','04',NULL),(3421,NULL,'TO','05',NULL),(1093,NULL,'TR',NULL,NULL),(3422,NULL,'TR','01',NULL),(3423,NULL,'TR','02',NULL),(3424,NULL,'TR','03',NULL),(3425,NULL,'TR','04',NULL),(3426,NULL,'TR','05',NULL),(3427,NULL,'TR','06',NULL),(3428,NULL,'TR','07',NULL),(3429,NULL,'TR','08',NULL),(3430,NULL,'TR','09',NULL),(3431,NULL,'TR','10',NULL),(3432,NULL,'TR','11',NULL),(3433,NULL,'TR','12',NULL),(3434,NULL,'TR','13',NULL),(3435,NULL,'TR','14',NULL),(3436,NULL,'TR','15',NULL),(3437,NULL,'TR','16',NULL),(3438,NULL,'TR','17',NULL),(3439,NULL,'TR','18',NULL),(3440,NULL,'TR','19',NULL),(3441,NULL,'TR','20',NULL),(3442,NULL,'TR','21',NULL),(3443,NULL,'TR','22',NULL),(3444,NULL,'TR','23',NULL),(3445,NULL,'TR','24',NULL),(3446,NULL,'TR','25',NULL),(3447,NULL,'TR','26',NULL),(3448,NULL,'TR','27',NULL),(3449,NULL,'TR','28',NULL),(3450,NULL,'TR','29',NULL),(3451,NULL,'TR','30',NULL),(3452,NULL,'TR','31',NULL),(3453,NULL,'TR','32',NULL),(3454,NULL,'TR','33',NULL),(3455,NULL,'TR','34',NULL),(3456,NULL,'TR','35',NULL),(3457,NULL,'TR','36',NULL),(3458,NULL,'TR','37',NULL),(3459,NULL,'TR','38',NULL),(3460,NULL,'TR','39',NULL),(3461,NULL,'TR','40',NULL),(3462,NULL,'TR','41',NULL),(3463,NULL,'TR','42',NULL),(3464,NULL,'TR','43',NULL),(3465,NULL,'TR','44',NULL),(3466,NULL,'TR','45',NULL),(3467,NULL,'TR','46',NULL),(3468,NULL,'TR','47',NULL),(3469,NULL,'TR','48',NULL),(3470,NULL,'TR','49',NULL),(3471,NULL,'TR','50',NULL),(3472,NULL,'TR','51',NULL),(3473,NULL,'TR','52',NULL),(3474,NULL,'TR','53',NULL),(3475,NULL,'TR','54',NULL),(3476,NULL,'TR','55',NULL),(3477,NULL,'TR','56',NULL),(3478,NULL,'TR','57',NULL),(3479,NULL,'TR','58',NULL),(3480,NULL,'TR','59',NULL),(3481,NULL,'TR','60',NULL),(3482,NULL,'TR','61',NULL),(3483,NULL,'TR','62',NULL),(3484,NULL,'TR','63',NULL),(3485,NULL,'TR','64',NULL),(3486,NULL,'TR','65',NULL),(3487,NULL,'TR','66',NULL),(3488,NULL,'TR','67',NULL),(3489,NULL,'TR','68',NULL),(3490,NULL,'TR','69',NULL),(3491,NULL,'TR','70',NULL),(3492,NULL,'TR','71',NULL),(3493,NULL,'TR','72',NULL),(3494,NULL,'TR','73',NULL),(3495,NULL,'TR','74',NULL),(3496,NULL,'TR','75',NULL),(3497,NULL,'TR','76',NULL),(3498,NULL,'TR','77',NULL),(3499,NULL,'TR','78',NULL),(3500,NULL,'TR','79',NULL),(3501,NULL,'TR','80',NULL),(3502,NULL,'TR','81',NULL),(3864,NULL,'TT',NULL,NULL),(3503,NULL,'TT','ARI',NULL),(3504,NULL,'TT','CHA',NULL),(3505,NULL,'TT','CTT',NULL),(3506,NULL,'TT','DMN',NULL),(3507,NULL,'TT','ETO',NULL),(3508,NULL,'TT','PED',NULL),(3509,NULL,'TT','POS',NULL),(3510,NULL,'TT','PRT',NULL),(3511,NULL,'TT','PTF',NULL),(3512,NULL,'TT','RCM',NULL),(3513,NULL,'TT','SFO',NULL),(3514,NULL,'TT','SGE',NULL),(3515,NULL,'TT','SIP',NULL),(3516,NULL,'TT','SJL',NULL),(3517,NULL,'TT','TUP',NULL),(3518,NULL,'TT','WTO',NULL),(3865,NULL,'TV',NULL,NULL),(3519,NULL,'TV','FUN',NULL),(3866,NULL,'TZ',NULL,NULL),(3520,NULL,'TZ','01',NULL),(3521,NULL,'TZ','02',NULL),(3522,NULL,'TZ','03',NULL),(3523,NULL,'TZ','05',NULL),(3524,NULL,'TZ','06',NULL),(3525,NULL,'TZ','08',NULL),(3526,NULL,'TZ','09',NULL),(3527,NULL,'TZ','13',NULL),(3528,NULL,'TZ','14',NULL),(3529,NULL,'TZ','15',NULL),(3530,NULL,'TZ','16',NULL),(3531,NULL,'TZ','18',NULL),(3532,NULL,'TZ','25',NULL),(3867,NULL,'UA',NULL,NULL),(3533,NULL,'UA','05',NULL),(3534,NULL,'UA','07',NULL),(3535,NULL,'UA','09',NULL),(3536,NULL,'UA','12',NULL),(3537,NULL,'UA','14',NULL),(3538,NULL,'UA','18',NULL),(3539,NULL,'UA','21',NULL),(3540,NULL,'UA','23',NULL),(3541,NULL,'UA','26',NULL),(3542,NULL,'UA','30',NULL),(3543,NULL,'UA','32',NULL),(3544,NULL,'UA','35',NULL),(3545,NULL,'UA','40',NULL),(3546,NULL,'UA','43',NULL),(3547,NULL,'UA','46',NULL),(3548,NULL,'UA','48',NULL),(3552,NULL,'UA','59',NULL),(3553,NULL,'UA','61',NULL),(3554,NULL,'UA','63',NULL),(3555,NULL,'UA','65',NULL),(3556,NULL,'UA','68',NULL),(3557,NULL,'UA','71',NULL),(3558,NULL,'UA','74',NULL),(3559,NULL,'UA','77',NULL),(3868,NULL,'UG',NULL,NULL),(3560,NULL,'UG','C',NULL),(3561,NULL,'UG','E',NULL),(3562,NULL,'UG','W',NULL),(1002,NULL,'US',NULL,NULL),(1004,NULL,'US','AK',NULL),(1003,NULL,'US','AL',NULL),(1006,NULL,'US','AR',NULL),(1005,NULL,'US','AZ',NULL),(1007,NULL,'US','CA',NULL),(1008,NULL,'US','CO',NULL),(1009,NULL,'US','CT',NULL),(1011,NULL,'US','DC',NULL),(1010,NULL,'US','DE',NULL),(1001,NULL,'US','ENG',NULL),(1012,NULL,'US','FL',NULL),(1013,NULL,'US','GA',NULL),(1014,NULL,'US','HI',NULL),(1018,NULL,'US','IA',NULL),(1015,NULL,'US','ID',NULL),(1016,NULL,'US','IL',NULL),(1017,NULL,'US','IN',NULL),(1019,NULL,'US','KS',NULL),(1020,NULL,'US','KY',NULL),(1021,NULL,'US','LA',NULL),(1024,NULL,'US','MA',NULL),(1023,NULL,'US','MD',NULL),(1022,NULL,'US','ME',NULL),(1025,NULL,'US','MI',NULL),(1026,NULL,'US','MN',NULL),(1028,NULL,'US','MO',NULL),(1027,NULL,'US','MS',NULL),(1029,NULL,'US','MT',NULL),(1036,NULL,'US','NC',NULL),(1037,NULL,'US','ND',NULL),(1030,NULL,'US','NE',NULL),(1032,NULL,'US','NH',NULL),(1033,NULL,'US','NJ',NULL),(1034,NULL,'US','NM',NULL),(1031,NULL,'US','NV',NULL),(1035,NULL,'US','NY',NULL),(1038,NULL,'US','OH',NULL),(1039,NULL,'US','OK',NULL),(1040,NULL,'US','OR',NULL),(1041,NULL,'US','PA',NULL),(1042,NULL,'US','RI',NULL),(1043,NULL,'US','SC',NULL),(1044,NULL,'US','SD',NULL),(1045,NULL,'US','TN',NULL),(1046,NULL,'US','TX',NULL),(1047,NULL,'US','UT',NULL),(1049,NULL,'US','VA',NULL),(1048,NULL,'US','VT',NULL),(1050,NULL,'US','WA',NULL),(1052,NULL,'US','WI',NULL),(1051,NULL,'US','WV',NULL),(1053,NULL,'US','WY',NULL),(3869,NULL,'UY',NULL,NULL),(3563,NULL,'UY','CA',NULL),(3564,NULL,'UY','CO',NULL),(3565,NULL,'UY','DU',NULL),(3566,NULL,'UY','FD',NULL),(3567,NULL,'UY','FS',NULL),(3568,NULL,'UY','LA',NULL),(3569,NULL,'UY','MA',NULL),(3570,NULL,'UY','MO',NULL),(3571,NULL,'UY','PA',NULL),(3572,NULL,'UY','RV',NULL),(3573,NULL,'UY','SA',NULL),(3574,NULL,'UY','SJ',NULL),(3575,NULL,'UY','SO',NULL),(3576,NULL,'UY','TA',NULL),(3870,NULL,'UZ',NULL,NULL),(3577,NULL,'UZ','AN',NULL),(3578,NULL,'UZ','BU',NULL),(3579,NULL,'UZ','NW',NULL),(3580,NULL,'UZ','QA',NULL),(3581,NULL,'UZ','SA',NULL),(3582,NULL,'UZ','SU',NULL),(3583,NULL,'UZ','TK',NULL),(3584,NULL,'UZ','TO',NULL),(3871,NULL,'VC',NULL,NULL),(3585,NULL,'VC','01',NULL),(3586,NULL,'VC','04',NULL),(3872,NULL,'VE',NULL,NULL),(3587,NULL,'VE','A',NULL),(3588,NULL,'VE','B',NULL),(3589,NULL,'VE','C',NULL),(3590,NULL,'VE','D',NULL),(3591,NULL,'VE','E',NULL),(3592,NULL,'VE','F',NULL),(3593,NULL,'VE','G',NULL),(3594,NULL,'VE','H',NULL),(3595,NULL,'VE','I',NULL),(3596,NULL,'VE','J',NULL),(3597,NULL,'VE','K',NULL),(3598,NULL,'VE','L',NULL),(3599,NULL,'VE','M',NULL),(3600,NULL,'VE','N',NULL),(3601,NULL,'VE','O',NULL),(3602,NULL,'VE','P',NULL),(3603,NULL,'VE','R',NULL),(3604,NULL,'VE','S',NULL),(3605,NULL,'VE','T',NULL),(3606,NULL,'VE','U',NULL),(3607,NULL,'VE','V',NULL),(3608,NULL,'VE','W',NULL),(3609,NULL,'VE','X',NULL),(3610,NULL,'VE','Y',NULL),(3873,NULL,'VI',NULL,NULL),(3611,NULL,'VI','C',NULL),(3612,NULL,'VI','J',NULL),(3613,NULL,'VI','T',NULL),(3874,NULL,'VN',NULL,NULL),(3614,NULL,'VN','01',NULL),(3615,NULL,'VN','02',NULL),(3616,NULL,'VN','03',NULL),(3617,NULL,'VN','04',NULL),(3618,NULL,'VN','05',NULL),(3619,NULL,'VN','06',NULL),(3620,NULL,'VN','07',NULL),(3621,NULL,'VN','09',NULL),(3622,NULL,'VN','13',NULL),(3623,NULL,'VN','14',NULL),(3624,NULL,'VN','18',NULL),(3625,NULL,'VN','20',NULL),(3626,NULL,'VN','21',NULL),(3627,NULL,'VN','22',NULL),(3628,NULL,'VN','23',NULL),(3629,NULL,'VN','24',NULL),(3630,NULL,'VN','25',NULL),(3631,NULL,'VN','26',NULL),(3632,NULL,'VN','27',NULL),(3633,NULL,'VN','28',NULL),(3634,NULL,'VN','29',NULL),(3635,NULL,'VN','30',NULL),(3636,NULL,'VN','31',NULL),(3637,NULL,'VN','32',NULL),(3638,NULL,'VN','33',NULL),(3639,NULL,'VN','34',NULL),(3640,NULL,'VN','35',NULL),(3641,NULL,'VN','36',NULL),(3642,NULL,'VN','37',NULL),(3643,NULL,'VN','39',NULL),(3644,NULL,'VN','40',NULL),(3645,NULL,'VN','41',NULL),(3646,NULL,'VN','43',NULL),(3647,NULL,'VN','44',NULL),(3648,NULL,'VN','45',NULL),(3649,NULL,'VN','46',NULL),(3650,NULL,'VN','47',NULL),(3651,NULL,'VN','48',NULL),(3652,NULL,'VN','49',NULL),(3653,NULL,'VN','50',NULL),(3654,NULL,'VN','51',NULL),(3655,NULL,'VN','52',NULL),(3656,NULL,'VN','53',NULL),(3657,NULL,'VN','54',NULL),(3658,NULL,'VN','55',NULL),(3659,NULL,'VN','56',NULL),(3660,NULL,'VN','57',NULL),(3661,NULL,'VN','58',NULL),(3662,NULL,'VN','59',NULL),(3663,NULL,'VN','60',NULL),(3664,NULL,'VN','61',NULL),(3665,NULL,'VN','62',NULL),(3666,NULL,'VN','63',NULL),(3667,NULL,'VN','64',NULL),(3668,NULL,'VN','65',NULL),(3669,NULL,'VN','66',NULL),(3670,NULL,'VN','67',NULL),(3671,NULL,'VN','68',NULL),(3672,NULL,'VN','69',NULL),(3673,NULL,'VN','70',NULL),(3674,NULL,'VN','71',NULL),(3675,NULL,'VN','72',NULL),(3676,NULL,'VN','73',NULL),(3875,NULL,'VU',NULL,NULL),(3677,NULL,'VU','PAM',NULL),(3678,NULL,'VU','SEE',NULL),(3876,NULL,'WF',NULL,NULL),(3679,NULL,'WF','W',NULL),(3877,NULL,'WS',NULL,NULL),(3680,NULL,'WS','AT',NULL),(3681,NULL,'WS','TU',NULL),(3878,NULL,'YE',NULL,NULL),(3682,NULL,'YE','AD',NULL),(3683,NULL,'YE','DH',NULL),(3684,NULL,'YE','HD',NULL),(3685,NULL,'YE','SN',NULL),(1089,NULL,'ZA',NULL,NULL),(3686,NULL,'ZA','EC',NULL),(3687,NULL,'ZA','FS',NULL),(3688,NULL,'ZA','GP',NULL),(3689,NULL,'ZA','LP',NULL),(3690,NULL,'ZA','MP',NULL),(3691,NULL,'ZA','NC',NULL),(3692,NULL,'ZA','NW',NULL),(3693,NULL,'ZA','WC',NULL),(3694,NULL,'ZA','ZN',NULL),(3879,NULL,'ZM',NULL,NULL),(3695,NULL,'ZM','01',NULL),(3696,NULL,'ZM','02',NULL),(3697,NULL,'ZM','03',NULL),(3698,NULL,'ZM','04',NULL),(3699,NULL,'ZM','05',NULL),(3700,NULL,'ZM','06',NULL),(3701,NULL,'ZM','07',NULL),(3702,NULL,'ZM','08',NULL),(3703,NULL,'ZM','09',NULL),(3880,NULL,'ZW',NULL,NULL),(3704,NULL,'ZW','BU',NULL),(3705,NULL,'ZW','HA',NULL),(3706,NULL,'ZW','MA',NULL),(3707,NULL,'ZW','MC',NULL),(3708,NULL,'ZW','MI',NULL),(3709,NULL,'ZW','MN',NULL),(3710,NULL,'ZW','MS',NULL),(3711,NULL,'ZW','MV',NULL),(3712,NULL,'ZW','MW',NULL),(3881,NULL,'co',NULL,NULL);
/*!40000 ALTER TABLE `locations` ENABLE KEYS */;
UNLOCK TABLES;

--
-- Table structure for table `page_categories`
--

DROP TABLE IF EXISTS `page_categories`;
/*!40101 SET @saved_cs_client     = @@character_set_client */;
/*!40101 SET character_set_client = utf8 */;
CREATE TABLE `page_categories` (
  `page_category_id` int(11) NOT NULL AUTO_INCREMENT,
  `page_category_name` varchar(128) COLLATE utf8_bin DEFAULT NULL,
  PRIMARY KEY (`page_category_id`)
) ENGINE=InnoDB AUTO_INCREMENT=5 DEFAULT CHARSET=utf8 COLLATE=utf8_bin;
/*!40101 SET character_set_client = @saved_cs_client */;

--
-- Dumping data for table `page_categories`
--

LOCK TABLES `page_categories` WRITE;
/*!40000 ALTER TABLE `page_categories` DISABLE KEYS */;
INSERT INTO `page_categories` VALUES (1,'news'),(2,'blog'),(3,'comm'),(4,'noncomm');
/*!40000 ALTER TABLE `page_categories` ENABLE KEYS */;
UNLOCK TABLES;

--
-- Table structure for table `page_extra_information`
--

DROP TABLE IF EXISTS `page_extra_information`;
/*!40101 SET @saved_cs_client     = @@character_set_client */;
/*!40101 SET character_set_client = utf8 */;
CREATE TABLE `page_extra_information` (
  `page_extra_information_id` int(11) NOT NULL AUTO_INCREMENT,
  `key` varchar(255) COLLATE utf8_bin NOT NULL,
  `value` varchar(255) COLLATE utf8_bin NOT NULL,
  `page_id` int(11) NOT NULL,
  PRIMARY KEY (`page_extra_information_id`),
  UNIQUE KEY `page_id_key_unique` (`page_id`,`key`),
  UNIQUE KEY `page_id_page_info_key_value_unique` (`page_extra_information_id`,`value`,`key`),
  CONSTRAINT `pei_page_id_on_page` FOREIGN KEY (`page_id`) REFERENCES `pages` (`page_id`) ON DELETE CASCADE ON UPDATE CASCADE
) ENGINE=InnoDB DEFAULT CHARSET=utf8 COLLATE=utf8_bin;
/*!40101 SET character_set_client = @saved_cs_client */;

--
-- Dumping data for table `page_extra_information`
--

LOCK TABLES `page_extra_information` WRITE;
/*!40000 ALTER TABLE `page_extra_information` DISABLE KEYS */;
/*!40000 ALTER TABLE `page_extra_information` ENABLE KEYS */;
UNLOCK TABLES;

--
-- Table structure for table `page_features`
--

DROP TABLE IF EXISTS `page_features`;
/*!40101 SET @saved_cs_client     = @@character_set_client */;
/*!40101 SET character_set_client = utf8 */;
CREATE TABLE `page_features` (
  `page_id` int(11) DEFAULT NULL,
  `feature_id` int(11) DEFAULT NULL,
  KEY `page_features_pages_page_id` (`page_id`),
  KEY `page_features_feature_names_id` (`feature_id`),
  CONSTRAINT `page_features_feature_names_id` FOREIGN KEY (`feature_id`) REFERENCES `feature_names` (`id`) ON DELETE CASCADE ON UPDATE CASCADE,
  CONSTRAINT `page_features_pages_page_id` FOREIGN KEY (`page_id`) REFERENCES `pages` (`page_id`) ON DELETE CASCADE ON UPDATE CASCADE
) ENGINE=InnoDB DEFAULT CHARSET=utf8 COLLATE=utf8_bin;
/*!40101 SET character_set_client = @saved_cs_client */;

--
-- Dumping data for table `page_features`
--

LOCK TABLES `page_features` WRITE;
/*!40000 ALTER TABLE `page_features` DISABLE KEYS */;
/*!40000 ALTER TABLE `page_features` ENABLE KEYS */;
UNLOCK TABLES;

--
-- Table structure for table `page_groups`
--

DROP TABLE IF EXISTS `page_groups`;
/*!40101 SET @saved_cs_client     = @@character_set_client */;
/*!40101 SET character_set_client = utf8 */;
CREATE TABLE `page_groups` (
  `page_id` int(11) DEFAULT NULL,
  `group_id` int(11) DEFAULT NULL,
  UNIQUE KEY `page_group_unique` (`page_id`,`group_id`),
  KEY `page_groups_group_name_id` (`group_id`),
  CONSTRAINT `page_groups_group_name_id` FOREIGN KEY (`group_id`) REFERENCES `group_names` (`id`) ON DELETE CASCADE ON UPDATE CASCADE,
  CONSTRAINT `page_groups_pages_page_id` FOREIGN KEY (`page_id`) REFERENCES `pages` (`page_id`) ON DELETE CASCADE ON UPDATE CASCADE
) ENGINE=InnoDB DEFAULT CHARSET=utf8 COLLATE=utf8_bin;
/*!40101 SET character_set_client = @saved_cs_client */;

--
-- Dumping data for table `page_groups`
--

LOCK TABLES `page_groups` WRITE;
/*!40000 ALTER TABLE `page_groups` DISABLE KEYS */;
/*!40000 ALTER TABLE `page_groups` ENABLE KEYS */;
UNLOCK TABLES;

--
-- Table structure for table `page_type`
--

DROP TABLE IF EXISTS `page_type`;
/*!40101 SET @saved_cs_client     = @@character_set_client */;
/*!40101 SET character_set_client = utf8 */;
CREATE TABLE `page_type` (
  `page_type_id` int(11) NOT NULL AUTO_INCREMENT,
  `page_type_name` varchar(128) COLLATE utf8_bin DEFAULT NULL,
  PRIMARY KEY (`page_type_id`)
) ENGINE=InnoDB AUTO_INCREMENT=14 DEFAULT CHARSET=utf8 COLLATE=utf8_bin;
/*!40101 SET character_set_client = @saved_cs_client */;

--
-- Dumping data for table `page_type`
--

LOCK TABLES `page_type` WRITE;
/*!40000 ALTER TABLE `page_type` DISABLE KEYS */;
INSERT INTO `page_type` VALUES (1,'main-hp'),(2,'main-vertical'),(3,'CTA-Toplist'),(4,'main-hp-fr'),(5,'main-vertical-fr'),(6,'android'),(7,'apps'),(8,'ios'),(9,'mobile'),(10,'real-money'),(11,'debit-and-credit'),(12,'deposits'),(13,'video-slots'),(14,'free-fr');
/*!40000 ALTER TABLE `page_type` ENABLE KEYS */;
UNLOCK TABLES;

--
-- Table structure for table `pages`
--

DROP TABLE IF EXISTS `pages`;
/*!40101 SET @saved_cs_client     = @@character_set_client */;
/*!40101 SET character_set_client = utf8 */;
CREATE TABLE `pages` (
  `page_id` int(11) NOT NULL AUTO_INCREMENT,
  `page_language_id` varchar(128) COLLATE utf8_bin DEFAULT NULL,
  `page_url` varchar(255) COLLATE utf8_bin DEFAULT NULL,
  `page_type_id` int(11) DEFAULT NULL,
  `page_category_id` int(11) DEFAULT NULL,
  `page_name` varchar(255) COLLATE utf8_bin DEFAULT NULL,
  `page_enabled` tinyint(4) DEFAULT NULL,
  `page_created` datetime DEFAULT NULL,
  `fixed` tinyint(1) unsigned NOT NULL DEFAULT 0,
  `vertical_id` int(11) DEFAULT NULL,
  PRIMARY KEY (`page_id`),
  UNIQUE KEY `page_url_index` (`page_url`),
  UNIQUE KEY `page_name_key_unique` (`page_name`)
) ENGINE=InnoDB AUTO_INCREMENT=158 DEFAULT CHARSET=utf8 COLLATE=utf8_bin;
/*!40101 SET character_set_client = @saved_cs_client */;

--
-- Dumping data for table `pages`
--

LOCK TABLES `pages` WRITE;
/*!40000 ALTER TABLE `pages` DISABLE KEYS */;
INSERT INTO `pages` VALUES (1,'5','/mobile',9,3,'Mobile',1,'2019-10-15 15:33:21',0,2),(2,'5','/',1,3,'Homepage',1,'2019-10-15 15:33:22',0,2),(3,'5','/bonuses',2,3,NULL,1,'2019-10-15 15:33:22',0,2),(4,'5','/responsible-gambling',2,3,NULL,1,'2019-10-15 15:33:22',0,2),(5,'5','/progressive-jackpots',2,3,NULL,1,'2019-10-15 15:33:27',0,2),(6,'5','/tablets',2,3,NULL,1,'2019-10-15 15:33:27',0,2),(7,'5','/vip',2,3,NULL,1,'2019-10-15 15:33:27',0,2),(8,'5','/apps-guide',7,3,'Apps guide',1,'2019-10-15 15:33:32',0,2),(9,'5','/free',1,3,'Free Games',1,'2019-10-15 15:33:33',0,2),(10,'5','/privacy',2,3,NULL,1,'2019-10-15 15:33:33',0,2),(11,'5','/android',6,3,'Android',1,'2019-10-15 15:33:33',0,2),(12,'5','/real-money',10,3,'Real Money',1,'2019-10-15 15:33:33',0,2),(13,'5','/fast-payouts',2,3,NULL,1,'2019-10-15 15:33:34',0,2),(14,'5','/404',2,3,NULL,1,'2019-10-15 15:33:34',0,2),(15,'5','/software/williams-interactive',2,3,NULL,1,'2019-10-15 15:33:34',0,2),(16,'5','/software/',2,3,NULL,1,'2019-10-15 15:33:34',0,2),(17,'5','/software/viaden',2,3,NULL,1,'2019-10-15 15:33:35',0,2),(18,'5','/software/netent',2,3,NULL,1,'2019-10-15 15:33:35',0,2),(19,'5','/software/leander-games',2,3,NULL,1,'2019-10-15 15:33:35',0,2),(20,'5','/software/betsoft',2,3,NULL,1,'2019-10-15 15:33:35',0,2),(21,'5','/software/aristocrat',2,3,NULL,1,'2019-10-15 15:33:36',0,2),(22,'5','/software/bally-technologies',2,3,NULL,1,'2019-10-15 15:33:36',0,2),(23,'5','/software/nyx',2,3,NULL,1,'2019-10-15 15:33:36',0,2),(24,'5','/software/igt',2,3,NULL,1,'2019-10-15 15:33:36',0,2),(25,'5','/deposit/',2,3,NULL,1,'2019-10-15 15:33:36',0,2),(26,'5','/deposit/debit-and-credit-card',11,3,'Debit and credit cards',1,'2019-10-15 15:33:37',0,2),(27,'5','/deposit/neosurf',12,3,'Neosurf',1,'2019-10-15 15:33:37',0,2),(28,'5','/deposit/paypal',2,3,NULL,1,'2019-10-15 15:33:37',0,2),(29,'5','/deposit/interac',12,3,'Interac',1,'2019-10-15 15:33:37',0,2),(30,'5','/deposit/bitcoin',2,3,NULL,1,'2019-10-15 15:33:38',0,2),(31,'5','/no-download',2,3,NULL,1,'2019-10-15 15:33:38',0,2),(32,'5','/ipad',2,3,NULL,1,'2019-10-15 15:33:38',0,2),(33,'6','/fr/',4,3,'FR Homepage',1,'2019-10-15 15:33:38',1,2),(34,'5','/reviews/royal-panda',2,3,NULL,1,'2019-10-15 15:33:39',0,2),(35,'5','/reviews/betonline',2,3,NULL,1,'2019-10-15 15:33:39',0,2),(36,'5','/reviews/',2,3,NULL,1,'2019-10-15 15:33:39',0,2),(37,'5','/reviews/leo-vegas',2,3,NULL,1,'2019-10-15 15:33:39',0,2),(38,'5','/reviews/sports-interaction',2,3,NULL,1,'2019-10-15 15:33:39',0,2),(39,'5','/reviews/casino-com',2,3,NULL,1,'2019-10-15 15:33:40',0,2),(40,'5','/reviews/casino-room',2,3,NULL,1,'2019-10-15 15:33:40',0,2),(41,'5','/reviews/lucky-247',2,3,NULL,1,'2019-10-15 15:33:40',0,2),(42,'5','/reviews/ruby-fortune',2,3,NULL,1,'2019-10-15 15:33:40',0,2),(43,'5','/reviews/party-casino',2,3,NULL,1,'2019-10-15 15:33:41',0,2),(44,'5','/reviews/jackpot-city',2,3,NULL,1,'2019-10-15 15:33:41',0,2),(45,'5','/reviews/betway',2,3,NULL,1,'2019-10-15 15:33:41',0,2),(46,'5','/reviews/roxy-palace',2,3,NULL,1,'2019-10-15 15:33:41',0,2),(47,'5','/reviews/spin-palace',2,3,NULL,1,'2019-10-15 15:33:42',0,2),(48,'5','/reviews/bodog',2,3,NULL,1,'2019-10-15 15:33:42',0,2),(49,'5','/reviews/royal-vegas',2,3,NULL,1,'2019-10-15 15:33:42',0,2),(50,'5','/reviews/32red',2,3,NULL,1,'2019-10-15 15:33:42',0,2),(51,'5','/reviews/hippodrome',2,3,NULL,1,'2019-10-15 15:33:42',0,2),(52,'5','/iphone',8,3,'Iphone',1,'2019-10-15 15:33:43',0,2),(53,'5','/about/',2,3,NULL,1,'2019-10-15 15:33:43',0,2),(54,'5','/games/battleship',3,3,NULL,1,'2019-10-15 15:33:43',0,2),(55,'5','/games/zeus-3',3,3,NULL,1,'2019-10-15 15:33:43',0,2),(56,'5','/games/deck-the-halls',3,3,NULL,1,'2019-10-15 15:33:44',0,2),(57,'5','/games/alaskan-fishing',3,3,NULL,1,'2019-10-15 15:33:44',0,2),(58,'5','/games/aliens',3,3,NULL,1,'2019-10-15 15:33:44',0,2),(59,'5','/games/cat-in-vegas',3,3,NULL,1,'2019-10-15 15:33:44',0,2),(60,'5','/games/starburst',3,3,NULL,1,'2019-10-15 15:33:45',0,2),(61,'5','/games/foxy-fortunes',3,3,NULL,1,'2019-10-15 15:33:45',0,2),(62,'5','/games/cats',3,3,NULL,1,'2019-10-15 15:33:45',0,2),(63,'5','/games/gladiator-jackpot',3,3,NULL,1,'2019-10-15 15:33:45',0,2),(64,'5','/games/cleopatra',3,3,NULL,1,'2019-10-15 15:33:46',0,2),(65,'5','/games/',3,3,NULL,1,'2019-10-15 15:33:46',0,2),(66,'5','/games/great-griffin',3,3,NULL,1,'2019-10-15 15:33:46',0,2),(67,'5','/games/jack-and-the-beanstalk',3,3,NULL,1,'2019-10-15 15:33:46',0,2),(68,'5','/games/montezuma',3,3,NULL,1,'2019-10-15 15:33:47',0,2),(69,'5','/games/the-dark-knight',3,3,NULL,1,'2019-10-15 15:33:47',0,2),(70,'5','/games/secrets-of-the-amazon',3,3,NULL,1,'2019-10-15 15:33:47',0,2),(71,'5','/games/mega-joker',3,3,NULL,1,'2019-10-15 15:33:47',0,2),(72,'5','/games/100000-pyramid',3,3,NULL,1,'2019-10-15 15:33:48',0,2),(73,'5','/games/star-trek-red-alert',3,3,NULL,1,'2019-10-15 15:33:48',0,2),(74,'5','/games/bier-haus',3,3,NULL,1,'2019-10-15 15:33:48',0,2),(75,'5','/games/break-away',3,3,NULL,1,'2019-10-15 15:33:49',0,2),(76,'5','/games/fantastic-four',3,3,NULL,1,'2019-10-15 15:33:49',0,2),(77,'5','/games/thunderstruck-ii',3,3,NULL,1,'2019-10-15 15:33:49',0,2),(78,'5','/games/queen-of-the-wild',3,3,NULL,1,'2019-10-15 15:33:49',0,2),(79,'5','/games/omg-kittens',3,3,NULL,1,'2019-10-15 15:33:50',0,2),(80,'5','/games/spartacus-gladiator-of-rome',3,3,NULL,1,'2019-10-15 15:33:50',0,2),(81,'5','/games/mega-moolah',3,3,NULL,1,'2019-10-15 15:33:50',0,2),(82,'5','/games/white-king',3,3,NULL,1,'2019-10-15 15:33:50',0,2),(83,'5','/games/fruit-shop',3,3,NULL,1,'2019-10-15 15:33:51',0,2),(84,'5','/games/monty-pythons-spamalot',3,3,NULL,1,'2019-10-15 15:33:51',0,2),(85,'5','/games/full-moon-fortunes',3,3,NULL,1,'2019-10-15 15:33:51',0,2),(86,'5','/games/karate-pig',3,3,NULL,1,'2019-10-15 15:33:51',0,2),(87,'5','/games/glitz',3,3,NULL,1,'2019-10-15 15:33:52',0,2),(88,'5','/games/gung-pow',3,3,NULL,1,'2019-10-15 15:33:52',0,2),(89,'5','/games/twin-spin',3,3,NULL,1,'2019-10-15 15:33:52',0,2),(90,'5','/games/lucky-zodiac',3,3,NULL,1,'2019-10-15 15:33:52',0,2),(91,'5','/games/pure-platinum',3,3,NULL,1,'2019-10-15 15:33:52',0,2),(92,'5','/games/fortunate-5',3,3,NULL,1,'2019-10-15 15:33:53',0,2),(93,'5','/games/chest-of-plenty',3,3,NULL,1,'2019-10-15 15:33:53',0,2),(94,'5','/games/crystal-forest',3,3,NULL,1,'2019-10-15 15:33:53',0,2),(95,'5','/games/the-riches-of-don-quixote',3,3,NULL,1,'2019-10-15 15:33:53',0,2),(96,'5','/games/burning-desire',3,3,NULL,1,'2019-10-15 15:33:54',0,2),(97,'5','/games/wizard-of-oz-ruby-slippers',3,3,NULL,1,'2019-10-15 15:33:54',0,2),(98,'5','/games/ice-run',3,3,NULL,1,'2019-10-15 15:33:54',0,2),(99,'5','/games/jack-hammer',3,3,NULL,1,'2019-10-15 15:33:54',0,2),(100,'5','/games/kiss',3,3,NULL,1,'2019-10-15 15:33:55',0,2),(101,'5','/games/dracula',3,3,NULL,1,'2019-10-15 15:33:55',0,2),(102,'5','/games/avalon',3,3,NULL,1,'2019-10-15 15:33:55',0,2),(103,'5','/games/cosmic-fortune',3,3,NULL,1,'2019-10-15 15:33:55',0,2),(104,'5','/games/grand-journey',3,3,NULL,1,'2019-10-15 15:33:55',0,2),(105,'5','/games/big-bang',3,3,NULL,1,'2019-10-15 15:33:56',0,2),(106,'5','/games/bloodsuckers',3,3,NULL,1,'2019-10-15 15:33:56',0,2),(107,'5','/games/100-pandas',3,3,NULL,1,'2019-10-15 15:33:56',0,2),(108,'5','/games/immortal-romance',3,3,NULL,1,'2019-10-15 15:33:56',0,2),(109,'5','/games/scarface',3,3,NULL,1,'2019-10-15 15:33:57',0,2),(110,'5','/games/agent-jane-blonde',3,3,NULL,1,'2019-10-15 15:33:57',0,2),(111,'5','/games/black-widow',3,3,NULL,1,'2019-10-15 15:33:57',0,2),(112,'5','/games/asian-beauty',3,3,NULL,1,'2019-10-15 15:33:57',0,2),(113,'5','/games/jimi-hendrix',3,3,NULL,1,'2019-10-15 15:33:58',0,2),(114,'5','/games/black-knight-2',3,3,NULL,1,'2019-10-15 15:33:58',0,2),(115,'5','/games/south-park',3,3,NULL,1,'2019-10-15 15:33:58',0,2),(116,'5','/games/bonus-bears',3,3,NULL,1,'2019-10-15 15:33:58',0,2),(117,'5','/games/reel-rush',3,3,NULL,1,'2019-10-15 15:33:58',0,2),(118,'5','/games/magic-portals',3,3,NULL,1,'2019-10-15 15:33:59',0,2),(119,'5','/games/super-monopoly-money',3,3,NULL,1,'2019-10-15 15:33:59',0,2),(120,'5','/games/guns-n-roses',3,3,NULL,1,'2019-10-15 15:33:59',0,2),(121,'5','/games/cat-queen',3,3,NULL,1,'2019-10-15 15:33:59',0,2),(122,'5','/games/iron-man',3,3,NULL,1,'2019-10-15 15:34:00',0,2),(123,'5','/games/da-vinci-diamonds',3,3,NULL,1,'2019-10-15 15:34:00',0,2),(124,'5','/games/santa-surprise',3,3,NULL,1,'2019-10-15 15:34:00',0,2),(125,'5','/games/nian-nian-you-yu',3,3,NULL,1,'2019-10-15 15:34:00',0,2),(126,'5','/games/lucky-firecracker',3,3,NULL,1,'2019-10-15 15:34:01',0,2),(127,'5','/games/siberian-storm',3,3,NULL,1,'2019-10-15 15:34:01',0,2),(128,'5','/games/pixies-of-the-forest',3,3,NULL,1,'2019-10-15 15:34:01',0,2),(129,'5','/games/video-slots',13,3,'Video Slots',1,'2019-10-15 15:34:01',0,2),(130,'5','/games/frankie-dettoris-magic-seven',3,3,NULL,1,'2019-10-15 15:34:02',0,2),(131,'5','/games/lucky-twins',3,3,NULL,1,'2019-10-15 15:34:02',0,2),(132,'5','/games/break-da-bank-again',3,3,NULL,1,'2019-10-15 15:34:02',0,2),(133,'5','/games/raging-rhino',3,3,NULL,1,'2019-10-15 15:34:02',0,2),(134,'5','/games/happy-new-year',3,3,NULL,1,'2019-10-15 15:34:03',0,2),(135,'5','/games/elvis-the-king-lives',3,3,NULL,1,'2019-10-15 15:34:03',0,2),(136,'5','/games/jackpot-giant',3,3,NULL,1,'2019-10-15 15:34:03',0,2),(137,'5','/games/zeus-1000',3,3,NULL,1,'2019-10-15 15:34:03',0,2),(138,'5','/games/rainbow-riches',3,3,NULL,1,'2019-10-15 15:34:04',0,2),(139,'5','/games/great-blue',3,3,NULL,1,'2019-10-15 15:34:04',0,2),(140,'5','/games/mega-fortune',3,3,NULL,1,'2019-10-15 15:34:04',0,2),(141,'5','/guides/weirdest-slot-machines',2,3,NULL,1,'2019-10-15 15:34:04',0,2),(142,'5','/guides/',2,3,NULL,1,'2019-10-15 15:34:05',0,2),(143,'5','/guides/slot-games-explained',2,3,NULL,1,'2019-10-15 15:34:05',0,2),(144,'5','/guides/cheating',2,3,NULL,1,'2019-10-15 15:34:05',0,2),(145,'5','/guides/security',2,3,NULL,1,'2019-10-15 15:34:05',0,2),(146,'5','/guides/faq',2,3,NULL,1,'2019-10-15 15:34:06',0,2),(147,'5','/guides/slot-machines-work',2,3,NULL,1,'2019-10-15 15:34:06',0,2),(148,'5','/guides/slot-machine-history',2,3,NULL,1,'2019-10-15 15:34:06',0,2),(149,'5','/guides/ecogra',2,3,NULL,1,'2019-10-15 15:34:06',0,2),(150,'5','/guides/welcome-bonus',2,3,NULL,1,'2019-10-15 15:34:07',0,2),(151,'5','/guides/tips',2,3,NULL,1,'2019-10-15 15:34:07',0,2),(152,'5','/guides/vip-status',2,3,NULL,1,'2019-10-15 15:34:07',0,2),(153,'5','/guides/tournaments',2,3,NULL,1,'2019-10-15 15:34:07',0,2),(154,'5','/guides/bankroll-management',2,3,NULL,1,'2019-10-15 15:34:07',0,2),(155,'5','/guides/legal-taxes',2,3,NULL,1,'2019-10-15 15:34:08',0,2),(156,'5','/online-casinos',2,3,NULL,0,'2019-10-21 09:26:22',0,NULL),(157,'5','/software/microgaming',2,3,NULL,0,'2019-10-21 11:43:59',0,NULL),(158, '5', '/fr/gratuit', 14, 3, NULL, 0, '2019-10-21 11:43:59',0,NULL),(159,'6','/fr/argent-reel',4,3, NULL,1,'2019-10-15 15:33:38',1,2);
/*!40000 ALTER TABLE `pages` ENABLE KEYS */;
UNLOCK TABLES;

--
-- Table structure for table `site_events`
--

DROP TABLE IF EXISTS `site_events`;
/*!40101 SET @saved_cs_client     = @@character_set_client */;
/*!40101 SET character_set_client = utf8 */;
CREATE TABLE `site_events` (
  `id` bigint(20) unsigned NOT NULL AUTO_INCREMENT,
  `user_id` varchar(80) COLLATE utf8_bin DEFAULT NULL,
  `gid` varchar(60) COLLATE utf8_bin NOT NULL,
  `event_type` varchar(20) COLLATE utf8_bin NOT NULL,
  `event_key` varchar(40) COLLATE utf8_bin DEFAULT NULL,
  `location_id` varchar(20) COLLATE utf8_bin DEFAULT NULL,
  `page_id` int(11) DEFAULT NULL,
  `page_type_id` int(11) DEFAULT NULL,
  `created_at` datetime NOT NULL DEFAULT current_timestamp(),
  `updated_at` datetime NOT NULL DEFAULT current_timestamp() ON UPDATE current_timestamp(),
  `event_data` longtext CHARACTER SET utf8 COLLATE utf8_unicode_ci DEFAULT NULL,
  PRIMARY KEY (`id`,`created_at`),
  KEY `idx_site_events_gid` (`gid`),
  KEY `idx_site_events_event_key` (`event_key`),
  KEY `idx_site_events_created_at` (`created_at`)
) ENGINE=InnoDB DEFAULT CHARSET=utf8 COLLATE=utf8_bin
 PARTITION BY RANGE  COLUMNS(`created_at`)
(PARTITION `past` VALUES LESS THAN ('2019-01-01') ENGINE = InnoDB,
 PARTITION `p201901` VALUES LESS THAN ('2019-02-01') ENGINE = InnoDB,
 PARTITION `p201902` VALUES LESS THAN ('2019-03-01') ENGINE = InnoDB,
 PARTITION `p201903` VALUES LESS THAN ('2019-04-01') ENGINE = InnoDB,
 PARTITION `p201904` VALUES LESS THAN ('2019-05-01') ENGINE = InnoDB,
 PARTITION `p201905` VALUES LESS THAN ('2019-06-01') ENGINE = InnoDB,
 PARTITION `p201906` VALUES LESS THAN ('2019-07-01') ENGINE = InnoDB,
 PARTITION `p201907` VALUES LESS THAN ('2019-08-01') ENGINE = InnoDB,
 PARTITION `p201908` VALUES LESS THAN ('2019-09-01') ENGINE = InnoDB,
 PARTITION `p201909` VALUES LESS THAN ('2019-10-01') ENGINE = InnoDB,
 PARTITION `p201910` VALUES LESS THAN ('2019-11-01') ENGINE = InnoDB,
 PARTITION `p201911` VALUES LESS THAN ('2019-12-01') ENGINE = InnoDB,
 PARTITION `p201912` VALUES LESS THAN ('2020-01-01') ENGINE = InnoDB,
 PARTITION `p202001` VALUES LESS THAN ('2020-02-01') ENGINE = InnoDB,
 PARTITION `p202002` VALUES LESS THAN ('2020-03-01') ENGINE = InnoDB,
 PARTITION `p202003` VALUES LESS THAN ('2020-04-01') ENGINE = InnoDB,
 PARTITION `p202004` VALUES LESS THAN ('2020-05-01') ENGINE = InnoDB,
 PARTITION `p202005` VALUES LESS THAN ('2020-06-01') ENGINE = InnoDB,
 PARTITION `p202006` VALUES LESS THAN ('2020-07-01') ENGINE = InnoDB,
 PARTITION `p202007` VALUES LESS THAN ('2020-08-01') ENGINE = InnoDB,
 PARTITION `p202008` VALUES LESS THAN ('2020-09-01') ENGINE = InnoDB,
 PARTITION `p202009` VALUES LESS THAN ('2020-10-01') ENGINE = InnoDB,
 PARTITION `p202010` VALUES LESS THAN ('2020-11-01') ENGINE = InnoDB,
 PARTITION `p202011` VALUES LESS THAN ('2020-12-01') ENGINE = InnoDB,
 PARTITION `p202012` VALUES LESS THAN ('2021-01-01') ENGINE = InnoDB,
 PARTITION `p202101` VALUES LESS THAN ('2021-02-01') ENGINE = InnoDB,
 PARTITION `p202102` VALUES LESS THAN ('2021-03-01') ENGINE = InnoDB,
 PARTITION `p202103` VALUES LESS THAN ('2021-04-01') ENGINE = InnoDB,
 PARTITION `p202104` VALUES LESS THAN ('2021-05-01') ENGINE = InnoDB,
 PARTITION `p202105` VALUES LESS THAN ('2021-06-01') ENGINE = InnoDB,
 PARTITION `p202106` VALUES LESS THAN ('2021-07-01') ENGINE = InnoDB,
 PARTITION `p202107` VALUES LESS THAN ('2021-08-01') ENGINE = InnoDB,
 PARTITION `p202108` VALUES LESS THAN ('2021-09-01') ENGINE = InnoDB,
 PARTITION `p202109` VALUES LESS THAN ('2021-10-01') ENGINE = InnoDB,
 PARTITION `p202110` VALUES LESS THAN ('2021-11-01') ENGINE = InnoDB,
 PARTITION `p202111` VALUES LESS THAN ('2021-12-01') ENGINE = InnoDB,
 PARTITION `p202112` VALUES LESS THAN ('2022-01-01') ENGINE = InnoDB,
 PARTITION `future` VALUES LESS THAN (MAXVALUE) ENGINE = InnoDB);
/*!40101 SET character_set_client = @saved_cs_client */;

--
-- Dumping data for table `site_events`
--

LOCK TABLES `site_events` WRITE;
/*!40000 ALTER TABLE `site_events` DISABLE KEYS */;
/*!40000 ALTER TABLE `site_events` ENABLE KEYS */;
UNLOCK TABLES;

--
-- Table structure for table `structured_language_translations`
--

DROP TABLE IF EXISTS `structured_language_translations`;
/*!40101 SET @saved_cs_client     = @@character_set_client */;
/*!40101 SET character_set_client = utf8 */;
CREATE TABLE `structured_language_translations` (
  `structured_language_translations_id` int(11) NOT NULL AUTO_INCREMENT,
  `language_id` smallint(6) DEFAULT NULL,
  `system_type_id` smallint(6) DEFAULT NULL,
  `translated_language_field` varchar(254) COLLATE utf8_bin DEFAULT NULL,
  `translated_language_value` varchar(254) COLLATE utf8_bin DEFAULT NULL,
  PRIMARY KEY (`structured_language_translations_id`),
  UNIQUE KEY `translated_field_uniqueness` (`system_type_id`,`translated_language_field`,`translated_language_value`),
  KEY `slt_language_id_on_languages_table` (`language_id`),
  CONSTRAINT `slt_language_id_on_languages_table` FOREIGN KEY (`language_id`) REFERENCES `languages` (`language_id`) ON UPDATE CASCADE,
  CONSTRAINT `slt_system_types_id_on_system_types_table` FOREIGN KEY (`system_type_id`) REFERENCES `system_types` (`system_type_id`) ON UPDATE CASCADE
) ENGINE=InnoDB DEFAULT CHARSET=utf8 COLLATE=utf8_bin;
/*!40101 SET character_set_client = @saved_cs_client */;

--
-- Dumping data for table `structured_language_translations`
--

LOCK TABLES `structured_language_translations` WRITE;
/*!40000 ALTER TABLE `structured_language_translations` DISABLE KEYS */;
/*!40000 ALTER TABLE `structured_language_translations` ENABLE KEYS */;
UNLOCK TABLES;

--
-- Table structure for table `system_types`
--

DROP TABLE IF EXISTS `system_types`;
/*!40101 SET @saved_cs_client     = @@character_set_client */;
/*!40101 SET character_set_client = utf8 */;
CREATE TABLE `system_types` (
  `system_type_id` smallint(6) NOT NULL AUTO_INCREMENT,
  `system_name` varchar(254) COLLATE utf8_bin NOT NULL,
  `system_description` varchar(254) COLLATE utf8_bin DEFAULT NULL,
  PRIMARY KEY (`system_type_id`),
  UNIQUE KEY `system_uniquness` (`system_name`)
) ENGINE=InnoDB DEFAULT CHARSET=utf8 COLLATE=utf8_bin;
/*!40101 SET character_set_client = @saved_cs_client */;

--
-- Dumping data for table `system_types`
--

LOCK TABLES `system_types` WRITE;
/*!40000 ALTER TABLE `system_types` DISABLE KEYS */;
/*!40000 ALTER TABLE `system_types` ENABLE KEYS */;
UNLOCK TABLES;
/*!40103 SET TIME_ZONE=@OLD_TIME_ZONE */;

/*!40101 SET SQL_MODE=@OLD_SQL_MODE */;
/*!40014 SET FOREIGN_KEY_CHECKS=@OLD_FOREIGN_KEY_CHECKS */;
/*!40014 SET UNIQUE_CHECKS=@OLD_UNIQUE_CHECKS */;
/*!40101 SET CHARACTER_SET_CLIENT=@OLD_CHARACTER_SET_CLIENT */;
/*!40101 SET CHARACTER_SET_RESULTS=@OLD_CHARACTER_SET_RESULTS */;
/*!40101 SET COLLATION_CONNECTION=@OLD_COLLATION_CONNECTION */;
/*!40111 SET SQL_NOTES=@OLD_SQL_NOTES */;

-- Dump completed on 2019-10-21 11:53:35
